serial,timestamp,gameid,value,,,
0,"Date:  Wed, 01 Jan 2020 00:00:07 GMT6 months ago",Game #2699754, 2x,,,
1,"Date:  Wed, 01 Jan 2020 00:00:25 GMT6 months ago",Game #2699755, 1.16x,,,
2,"Date:  Wed, 01 Jan 2020 00:00:36 GMT6 months ago",Game #2699756, 2.27x,,,
3,"Date:  Wed, 01 Jan 2020 00:00:56 GMT6 months ago",Game #2699757, 1x,,,
4,"Date:  Wed, 01 Jan 2020 00:01:04 GMT6 months ago",Game #2699758, 4.85x,,,
5,"Date:  Wed, 01 Jan 2020 00:01:35 GMT6 months ago",Game #2699759, 1.65x,,,
6,"Date:  Wed, 01 Jan 2020 00:01:50 GMT6 months ago",Game #2699760, 1.74x,,,
7,"Date:  Wed, 01 Jan 2020 00:02:07 GMT6 months ago",Game #2699761, 4.74x,,,
8,"Date:  Wed, 01 Jan 2020 00:02:37 GMT6 months ago",Game #2699762, 9.88x,,,
9,"Date:  Wed, 01 Jan 2020 00:03:19 GMT6 months ago",Game #2699763, 1.91x,,,
10,"Date:  Wed, 01 Jan 2020 00:03:36 GMT6 months ago",Game #2699764, 7.73x,,,
11,"Date:  Wed, 01 Jan 2020 00:04:14 GMT6 months ago",Game #2699765, 5.76x,,,
12,"Date:  Wed, 01 Jan 2020 00:04:47 GMT6 months ago",Game #2699766, 11.22x,,,
13,"Date:  Wed, 01 Jan 2020 00:05:30 GMT6 months ago",Game #2699767, 52.14x,,,
14,"Date:  Wed, 01 Jan 2020 00:06:36 GMT6 months ago",Game #2699768, 3.14x,,,
15,"Date:  Wed, 01 Jan 2020 00:07:00 GMT6 months ago",Game #2699769, 1.26x,,,
16,"Date:  Wed, 01 Jan 2020 00:07:12 GMT6 months ago",Game #2699770, 1.33x,,,
17,"Date:  Wed, 01 Jan 2020 00:07:24 GMT6 months ago",Game #2699771, 1.05x,,,
18,"Date:  Wed, 01 Jan 2020 00:07:33 GMT6 months ago",Game #2699772, 11.15x,,,
19,"Date:  Wed, 01 Jan 2020 00:08:16 GMT6 months ago",Game #2699773, 1.77x,,,
20,"Date:  Wed, 01 Jan 2020 00:08:33 GMT6 months ago",Game #2699774, 1.26x,,,
21,"Date:  Wed, 01 Jan 2020 00:08:45 GMT6 months ago",Game #2699775, 1.08x,,,
22,"Date:  Wed, 01 Jan 2020 00:08:54 GMT6 months ago",Game #2699776, 1.94x,,,
23,"Date:  Wed, 01 Jan 2020 00:09:12 GMT6 months ago",Game #2699777, 9.71x,,,
24,"Date:  Wed, 01 Jan 2020 00:09:53 GMT6 months ago",Game #2699778, 2.28x,,,
25,"Date:  Wed, 01 Jan 2020 00:10:13 GMT6 months ago",Game #2699779, 1.82x,,,
26,"Date:  Wed, 01 Jan 2020 00:10:30 GMT6 months ago",Game #2699780, 3.69x,,,
27,"Date:  Wed, 01 Jan 2020 00:10:57 GMT6 months ago",Game #2699781, 1.86x,,,
28,"Date:  Wed, 01 Jan 2020 00:11:14 GMT6 months ago",Game #2699782, 3.76x,,,
29,"Date:  Wed, 01 Jan 2020 00:11:42 GMT6 months ago",Game #2699783, 1.08x,,,
30,"Date:  Wed, 01 Jan 2020 00:11:51 GMT6 months ago",Game #2699784, 6.38x,,,
31,"Date:  Wed, 01 Jan 2020 00:12:26 GMT6 months ago",Game #2699785, 1.32x,,,
32,"Date:  Wed, 01 Jan 2020 00:12:38 GMT6 months ago",Game #2699786, 1.35x,,,
33,"Date:  Wed, 01 Jan 2020 00:12:51 GMT6 months ago",Game #2699787, 2.11x,,,
34,"Date:  Wed, 01 Jan 2020 00:13:10 GMT6 months ago",Game #2699788, 2.18x,,,
35,"Date:  Wed, 01 Jan 2020 00:13:29 GMT6 months ago",Game #2699789, 1.91x,,,
36,"Date:  Wed, 01 Jan 2020 00:13:47 GMT6 months ago",Game #2699790, 1.55x,,,
37,"Date:  Wed, 01 Jan 2020 00:14:02 GMT6 months ago",Game #2699791, 1.94x,,,
38,"Date:  Wed, 01 Jan 2020 00:14:20 GMT6 months ago",Game #2699792, 5.24x,,,
39,"Date:  Wed, 01 Jan 2020 00:14:52 GMT6 months ago",Game #2699793, 137.53x,,,
40,"Date:  Wed, 01 Jan 2020 00:16:11 GMT6 months ago",Game #2699794, 1.8x,,,
41,"Date:  Wed, 01 Jan 2020 00:16:28 GMT6 months ago",Game #2699795, 1.18x,,,
42,"Date:  Wed, 01 Jan 2020 00:16:38 GMT6 months ago",Game #2699796, 13.76x,,,
43,"Date:  Wed, 01 Jan 2020 00:17:24 GMT6 months ago",Game #2699797, 2.1x,,,
44,"Date:  Wed, 01 Jan 2020 00:17:43 GMT6 months ago",Game #2699798, 3.49x,,,
45,"Date:  Wed, 01 Jan 2020 00:18:10 GMT6 months ago",Game #2699799, 1.25x,,,
46,"Date:  Wed, 01 Jan 2020 00:18:21 GMT6 months ago",Game #2699800, 1.03x,,,
47,"Date:  Wed, 01 Jan 2020 00:18:30 GMT6 months ago",Game #2699801, 4.14x,,,
48,"Date:  Wed, 01 Jan 2020 00:18:59 GMT6 months ago",Game #2699802, 1.56x,,,
49,"Date:  Wed, 01 Jan 2020 00:19:14 GMT6 months ago",Game #2699803, 4.01x,,,
50,"Date:  Wed, 01 Jan 2020 00:19:42 GMT6 months ago",Game #2699804, 1x,,,
51,"Date:  Wed, 01 Jan 2020 00:19:50 GMT6 months ago",Game #2699805, 4.4x,,,
52,"Date:  Wed, 01 Jan 2020 00:20:20 GMT6 months ago",Game #2699806, 1.11x,,,
53,"Date:  Wed, 01 Jan 2020 00:20:29 GMT6 months ago",Game #2699807, 1.37x,,,
54,"Date:  Wed, 01 Jan 2020 00:20:42 GMT6 months ago",Game #2699808, 1.06x,,,
55,"Date:  Wed, 01 Jan 2020 00:20:51 GMT6 months ago",Game #2699809, 1.66x,,,
56,"Date:  Wed, 01 Jan 2020 00:21:07 GMT6 months ago",Game #2699810, 2.29x,,,
57,"Date:  Wed, 01 Jan 2020 00:21:27 GMT6 months ago",Game #2699811, 2.27x,,,
58,"Date:  Wed, 01 Jan 2020 00:21:47 GMT6 months ago",Game #2699812, 171.87x,,,
59,"Date:  Wed, 01 Jan 2020 00:23:10 GMT6 months ago",Game #2699813, 2.35x,,,
60,"Date:  Wed, 01 Jan 2020 00:23:30 GMT6 months ago",Game #2699814, 1.27x,,,
61,"Date:  Wed, 01 Jan 2020 00:23:42 GMT6 months ago",Game #2699815, 2.75x,,,
62,"Date:  Wed, 01 Jan 2020 00:24:05 GMT6 months ago",Game #2699816, 5.64x,,,
63,"Date:  Wed, 01 Jan 2020 00:24:38 GMT6 months ago",Game #2699817, 1x,,,
64,"Date:  Wed, 01 Jan 2020 00:24:47 GMT6 months ago",Game #2699818, 1.99x,,,
65,"Date:  Wed, 01 Jan 2020 00:25:05 GMT6 months ago",Game #2699819, 1.05x,,,
66,"Date:  Wed, 01 Jan 2020 00:25:14 GMT6 months ago",Game #2699820, 1.76x,,,
67,"Date:  Wed, 01 Jan 2020 00:25:30 GMT6 months ago",Game #2699821, 8.14x,,,
68,"Date:  Wed, 01 Jan 2020 00:26:09 GMT6 months ago",Game #2699822, 2.17x,,,
69,"Date:  Wed, 01 Jan 2020 00:26:28 GMT6 months ago",Game #2699823, 1.73x,,,
70,"Date:  Wed, 01 Jan 2020 00:26:44 GMT6 months ago",Game #2699824, 3.21x,,,
71,"Date:  Wed, 01 Jan 2020 00:27:09 GMT6 months ago",Game #2699825, 3.92x,,,
72,"Date:  Wed, 01 Jan 2020 00:27:37 GMT6 months ago",Game #2699826, 1.56x,,,
73,"Date:  Wed, 01 Jan 2020 00:27:52 GMT6 months ago",Game #2699827, 1.21x,,,
74,"Date:  Wed, 01 Jan 2020 00:28:03 GMT6 months ago",Game #2699828, 9.14x,,,
75,"Date:  Wed, 01 Jan 2020 00:28:43 GMT6 months ago",Game #2699829, 3.24x,,,
76,"Date:  Wed, 01 Jan 2020 00:29:08 GMT6 months ago",Game #2699830, 1x,,,
77,"Date:  Wed, 01 Jan 2020 00:29:17 GMT6 months ago",Game #2699831, 2.18x,,,
78,"Date:  Wed, 01 Jan 2020 00:29:36 GMT6 months ago",Game #2699832, 1.32x,,,
79,"Date:  Wed, 01 Jan 2020 00:29:48 GMT6 months ago",Game #2699833, 7.89x,,,
80,"Date:  Wed, 01 Jan 2020 00:30:26 GMT6 months ago",Game #2699834, 17.46x,,,
81,"Date:  Wed, 01 Jan 2020 00:31:16 GMT6 months ago",Game #2699835, 3.19x,,,
82,"Date:  Wed, 01 Jan 2020 00:31:41 GMT6 months ago",Game #2699836, 1.46x,,,
83,"Date:  Wed, 01 Jan 2020 00:31:54 GMT6 months ago",Game #2699837, 1.28x,,,
84,"Date:  Wed, 01 Jan 2020 00:32:06 GMT6 months ago",Game #2699838, 1.87x,,,
85,"Date:  Wed, 01 Jan 2020 00:32:24 GMT6 months ago",Game #2699839, 1.08x,,,
86,"Date:  Wed, 01 Jan 2020 00:32:33 GMT6 months ago",Game #2699840, 10.85x,,,
87,"Date:  Wed, 01 Jan 2020 00:33:16 GMT6 months ago",Game #2699841, 2.82x,,,
88,"Date:  Wed, 01 Jan 2020 00:33:39 GMT6 months ago",Game #2699842, 1.06x,,,
89,"Date:  Wed, 01 Jan 2020 00:33:48 GMT6 months ago",Game #2699843, 2.71x,,,
90,"Date:  Wed, 01 Jan 2020 00:34:11 GMT6 months ago",Game #2699844, 2.47x,,,
91,"Date:  Wed, 01 Jan 2020 00:34:32 GMT6 months ago",Game #2699845, 1.81x,,,
92,"Date:  Wed, 01 Jan 2020 00:34:49 GMT6 months ago",Game #2699846, 3.05x,,,
93,"Date:  Wed, 01 Jan 2020 00:35:13 GMT6 months ago",Game #2699847, 1.97x,,,
94,"Date:  Wed, 01 Jan 2020 00:35:31 GMT6 months ago",Game #2699848, 3.3x,,,
95,"Date:  Wed, 01 Jan 2020 00:35:57 GMT6 months ago",Game #2699849, 1.06x,,,
96,"Date:  Wed, 01 Jan 2020 00:36:06 GMT6 months ago",Game #2699850, 2.35x,,,
97,"Date:  Wed, 01 Jan 2020 00:36:27 GMT6 months ago",Game #2699851, 15.87x,,,
98,"Date:  Wed, 01 Jan 2020 00:37:15 GMT6 months ago",Game #2699852, 1.48x,,,
99,"Date:  Wed, 01 Jan 2020 00:37:29 GMT6 months ago",Game #2699853, 2.51x,,,
100,"Date:  Wed, 01 Jan 2020 00:37:50 GMT6 months ago",Game #2699854, 1.64x,,,
101,"Date:  Wed, 01 Jan 2020 00:38:06 GMT6 months ago",Game #2699855, 1.66x,,,
102,"Date:  Wed, 01 Jan 2020 00:38:22 GMT6 months ago",Game #2699856, 13.01x,,,
103,"Date:  Wed, 01 Jan 2020 00:39:07 GMT6 months ago",Game #2699857, 1.11x,,,
104,"Date:  Wed, 01 Jan 2020 00:39:17 GMT6 months ago",Game #2699858, 1.43x,,,
105,"Date:  Wed, 01 Jan 2020 00:39:30 GMT6 months ago",Game #2699859, 1.31x,,,
106,"Date:  Wed, 01 Jan 2020 00:39:42 GMT6 months ago",Game #2699860, 1.91x,,,
107,"Date:  Wed, 01 Jan 2020 00:40:00 GMT6 months ago",Game #2699861, 1.15x,,,
108,"Date:  Wed, 01 Jan 2020 00:40:10 GMT6 months ago",Game #2699862, 2.25x,,,
109,"Date:  Wed, 01 Jan 2020 00:40:30 GMT6 months ago",Game #2699863, 1.67x,,,
110,"Date:  Wed, 01 Jan 2020 00:40:46 GMT6 months ago",Game #2699864, 1.12x,,,
111,"Date:  Wed, 01 Jan 2020 00:40:56 GMT6 months ago",Game #2699865, 1.42x,,,
112,"Date:  Wed, 01 Jan 2020 00:41:09 GMT6 months ago",Game #2699866, 1.35x,,,
113,"Date:  Wed, 01 Jan 2020 00:41:22 GMT6 months ago",Game #2699867, 3.11x,,,
114,"Date:  Wed, 01 Jan 2020 00:41:47 GMT6 months ago",Game #2699868, 4.3x,,,
115,"Date:  Wed, 01 Jan 2020 00:42:16 GMT6 months ago",Game #2699869, 6.46x,,,
116,"Date:  Wed, 01 Jan 2020 00:42:51 GMT6 months ago",Game #2699870, 1.08x,,,
117,"Date:  Wed, 01 Jan 2020 00:43:01 GMT6 months ago",Game #2699871, 2.47x,,,
118,"Date:  Wed, 01 Jan 2020 00:43:22 GMT6 months ago",Game #2699872, 1.87x,,,
119,"Date:  Wed, 01 Jan 2020 00:43:39 GMT6 months ago",Game #2699873, 1.09x,,,
120,"Date:  Wed, 01 Jan 2020 00:43:49 GMT6 months ago",Game #2699874, 1.08x0,,,
,,,,,,
,,,,,,
,,,,,,
,,,,,,
,,,,,,
,,,,,,
,,,,,,
,,,,,,
,,,,,,
,,,,,,
,,,,,,
,,,,,,
,,,,,,
,,,,,,
,,,,,,
,,,,,,
,,,,,,
,,,,,,
,,,,,,
,,,,,,
,,,,,,
,,,,,,
,,,,,,
,,,,,,
,,,,,,
,,,,,,
,,,,,,
,,,,,,
,,,,,,
,,,,,,
,,,,,,
,,,,,,
,,,,,,
,,,,,,
,,,,,,
,,,,,,
,,,,,,
,,,,,,
,,,,,,
,,,,,,
,,,,,,
,,,,,,
,,,,,,
,,,,,,
,,,,,,
,,,,,,
,,,,,,
,,,,,,
,,,,,,
,,,,,,
,,,,,,
,,,,,,
,,,,,,
,,,,,,
,,,,,,
,,,,,,
,,,,,,
,,,,,,
,,,,,,
61,"Date:  Wed, 01 Jan 2020 00:24:05 GMT6 months ago",Game #2699816, 5.64x,,,
62,"Date:  Wed, 01 Jan 2020 00:24:38 GMT6 months ago",Game #2699817, 1x,,,
63,"Date:  Wed, 01 Jan 2020 00:24:47 GMT6 months ago",Game #2699818, 1.99x,,,
64,"Date:  Wed, 01 Jan 2020 00:25:05 GMT6 months ago",Game #2699819, 1.05x,,,
65,"Date:  Wed, 01 Jan 2020 00:25:14 GMT6 months ago",Game #2699820, 1.76x,,,
66,"Date:  Wed, 01 Jan 2020 00:25:30 GMT6 months ago",Game #2699821, 8.14x,,,
67,"Date:  Wed, 01 Jan 2020 00:26:09 GMT6 months ago",Game #2699822, 2.17x,,,
68,"Date:  Wed, 01 Jan 2020 00:26:28 GMT6 months ago",Game #2699823, 1.73x,,,
69,"Date:  Wed, 01 Jan 2020 00:26:44 GMT6 months ago",Game #2699824, 3.21x,,,
70,"Date:  Wed, 01 Jan 2020 00:27:09 GMT6 months ago",Game #2699825, 3.92x,,,
71,"Date:  Wed, 01 Jan 2020 00:27:37 GMT6 months ago",Game #2699826, 1.56x,,,
72,"Date:  Wed, 01 Jan 2020 00:27:52 GMT6 months ago",Game #2699827, 1.21x,,,
73,"Date:  Wed, 01 Jan 2020 00:28:03 GMT6 months ago",Game #2699828, 9.14x,,,
74,"Date:  Wed, 01 Jan 2020 00:28:43 GMT6 months ago",Game #2699829, 3.24x,,,
75,"Date:  Wed, 01 Jan 2020 00:29:08 GMT6 months ago",Game #2699830, 1x,,,
76,"Date:  Wed, 01 Jan 2020 00:29:17 GMT6 months ago",Game #2699831, 2.18x,,,
77,"Date:  Wed, 01 Jan 2020 00:29:36 GMT6 months ago",Game #2699832, 1.32x,,,
78,"Date:  Wed, 01 Jan 2020 00:29:48 GMT6 months ago",Game #2699833, 7.89x,,,
79,"Date:  Wed, 01 Jan 2020 00:30:26 GMT6 months ago",Game #2699834, 17.46x,,,
80,"Date:  Wed, 01 Jan 2020 00:31:16 GMT6 months ago",Game #2699835, 3.19x,,,
81,"Date:  Wed, 01 Jan 2020 00:31:41 GMT6 months ago",Game #2699836, 1.46x,,,
82,"Date:  Wed, 01 Jan 2020 00:31:54 GMT6 months ago",Game #2699837, 1.28x,,,
83,"Date:  Wed, 01 Jan 2020 00:32:06 GMT6 months ago",Game #2699838, 1.87x,,,
84,"Date:  Wed, 01 Jan 2020 00:32:24 GMT6 months ago",Game #2699839, 1.08x,,,
85,"Date:  Wed, 01 Jan 2020 00:32:33 GMT6 months ago",Game #2699840, 10.85x,,,
86,"Date:  Wed, 01 Jan 2020 00:33:16 GMT6 months ago",Game #2699841, 2.82x,,,
87,"Date:  Wed, 01 Jan 2020 00:33:39 GMT6 months ago",Game #2699842, 1.06x,,,
88,"Date:  Wed, 01 Jan 2020 00:33:48 GMT6 months ago",Game #2699843, 2.71x,,,
89,"Date:  Wed, 01 Jan 2020 00:34:11 GMT6 months ago",Game #2699844, 2.47x,,,
90,"Date:  Wed, 01 Jan 2020 00:34:32 GMT6 months ago",Game #2699845, 1.81x,,,
91,"Date:  Wed, 01 Jan 2020 00:34:49 GMT6 months ago",Game #2699846, 3.05x,,,
92,"Date:  Wed, 01 Jan 2020 00:35:13 GMT6 months ago",Game #2699847, 1.97x,,,
93,"Date:  Wed, 01 Jan 2020 00:35:31 GMT6 months ago",Game #2699848, 3.3x,,,
94,"Date:  Wed, 01 Jan 2020 00:35:57 GMT6 months ago",Game #2699849, 1.06x,,,
95,"Date:  Wed, 01 Jan 2020 00:36:06 GMT6 months ago",Game #2699850, 2.35x,,,
96,"Date:  Wed, 01 Jan 2020 00:36:27 GMT6 months ago",Game #2699851, 15.87x,,,
97,"Date:  Wed, 01 Jan 2020 00:37:15 GMT6 months ago",Game #2699852, 1.48x,,,
98,"Date:  Wed, 01 Jan 2020 00:37:29 GMT6 months ago",Game #2699853, 2.51x,,,
99,"Date:  Wed, 01 Jan 2020 00:37:50 GMT6 months ago",Game #2699854, 1.64x,,,
100,"Date:  Wed, 01 Jan 2020 00:38:06 GMT6 months ago",Game #2699855, 1.66x,,,
101,"Date:  Wed, 01 Jan 2020 00:38:22 GMT6 months ago",Game #2699856, 13.01x,,,
102,"Date:  Wed, 01 Jan 2020 00:39:07 GMT6 months ago",Game #2699857, 1.11x,,,
103,"Date:  Wed, 01 Jan 2020 00:39:17 GMT6 months ago",Game #2699858, 1.43x,,,
104,"Date:  Wed, 01 Jan 2020 00:39:30 GMT6 months ago",Game #2699859, 1.31x,,,
105,"Date:  Wed, 01 Jan 2020 00:39:42 GMT6 months ago",Game #2699860, 1.91x,,,
106,"Date:  Wed, 01 Jan 2020 00:40:00 GMT6 months ago",Game #2699861, 1.15x,,,
107,"Date:  Wed, 01 Jan 2020 00:40:10 GMT6 months ago",Game #2699862, 2.25x,,,
108,"Date:  Wed, 01 Jan 2020 00:40:30 GMT6 months ago",Game #2699863, 1.67x,,,
109,"Date:  Wed, 01 Jan 2020 00:40:46 GMT6 months ago",Game #2699864, 1.12x,,,
110,"Date:  Wed, 01 Jan 2020 00:40:56 GMT6 months ago",Game #2699865, 1.42x,,,
111,"Date:  Wed, 01 Jan 2020 00:41:09 GMT6 months ago",Game #2699866, 1.35x,,,
112,"Date:  Wed, 01 Jan 2020 00:41:22 GMT6 months ago",Game #2699867, 3.11x,,,
113,"Date:  Wed, 01 Jan 2020 00:41:47 GMT6 months ago",Game #2699868, 4.3x,,,
114,"Date:  Wed, 01 Jan 2020 00:42:16 GMT6 months ago",Game #2699869, 6.46x,,,
115,"Date:  Wed, 01 Jan 2020 00:42:51 GMT6 months ago",Game #2699870, 1.08x,,,
116,"Date:  Wed, 01 Jan 2020 00:43:01 GMT6 months ago",Game #2699871, 2.47x,,,
117,"Date:  Wed, 01 Jan 2020 00:43:22 GMT6 months ago",Game #2699872, 1.87x,,,
118,"Date:  Wed, 01 Jan 2020 00:43:39 GMT6 months ago",Game #2699873, 1.09x,,,
119,"Date:  Wed, 01 Jan 2020 00:43:49 GMT6 months ago",Game #2699874, 1.08x,,,
120,"Date:  Wed, 01 Jan 2020 00:43:58 GMT6 months ago",Game #2699875, 1.16x0,NAN,NAN,NAN
1,"Date:  Wed, 01 Jan 2020 00:44:09 GMT6 months ago",Game #2699876, 1.74x,,,
2,"Date:  Wed, 01 Jan 2020 00:44:25 GMT6 months ago",Game #2699877, 1.12x,,,
3,"Date:  Wed, 01 Jan 2020 00:44:35 GMT6 months ago",Game #2699878, 7.73x,,,
4,"Date:  Wed, 01 Jan 2020 00:45:13 GMT6 months ago",Game #2699879, 3.57x,,,
5,"Date:  Wed, 01 Jan 2020 00:45:39 GMT6 months ago",Game #2699880, 2.5x,,,
6,"Date:  Wed, 01 Jan 2020 00:46:01 GMT6 months ago",Game #2699881, 1.23x,,,
7,"Date:  Wed, 01 Jan 2020 00:46:12 GMT6 months ago",Game #2699882, 1x,,,
8,"Date:  Wed, 01 Jan 2020 00:46:20 GMT6 months ago",Game #2699883, 1.81x,,,
9,"Date:  Wed, 01 Jan 2020 00:46:37 GMT6 months ago",Game #2699884, 1.82x,,,
10,"Date:  Wed, 01 Jan 2020 00:46:54 GMT6 months ago",Game #2699885, 2.13x,,,
11,"Date:  Wed, 01 Jan 2020 00:47:13 GMT6 months ago",Game #2699886, 4.42x,,,
12,"Date:  Wed, 01 Jan 2020 00:47:43 GMT6 months ago",Game #2699887, 16.07x,,,
13,"Date:  Wed, 01 Jan 2020 00:48:31 GMT6 months ago",Game #2699888, 1x,,,
14,"Date:  Wed, 01 Jan 2020 00:48:39 GMT6 months ago",Game #2699889, 1.73x,,,
15,"Date:  Wed, 01 Jan 2020 00:48:55 GMT6 months ago",Game #2699890, 7.29x,,,
16,"Date:  Wed, 01 Jan 2020 00:49:32 GMT6 months ago",Game #2699891, 1.14x,,,
17,"Date:  Wed, 01 Jan 2020 00:49:43 GMT6 months ago",Game #2699892, 3.98x,,,
18,"Date:  Wed, 01 Jan 2020 00:50:11 GMT6 months ago",Game #2699893, 44.71x,,,
19,NAN,NAN,NAN,,,
20,NAN,NAN,NAN,,,
21,"Date:  Wed, 01 Jan 2020 00:52:25 GMT6 months ago",Game #2699896, 16.9x,,,
22,"Date:  Wed, 01 Jan 2020 00:53:14 GMT6 months ago",Game #2699897, 4.87x,,,
23,"Date:  Wed, 01 Jan 2020 00:53:45 GMT6 months ago",Game #2699898, 8.35x,,,
24,"Date:  Wed, 01 Jan 2020 00:54:24 GMT6 months ago",Game #2699899, 1.14x,,,
25,"Date:  Wed, 01 Jan 2020 00:54:34 GMT6 months ago",Game #2699900, 1.5x,,,
26,"Date:  Wed, 01 Jan 2020 00:54:48 GMT6 months ago",Game #2699901, 2.1x,,,
27,"Date:  Wed, 01 Jan 2020 00:55:07 GMT6 months ago",Game #2699902, 4.13x,,,
28,"Date:  Wed, 01 Jan 2020 00:55:36 GMT6 months ago",Game #2699903, 4.59x,,,
29,"Date:  Wed, 01 Jan 2020 00:56:06 GMT6 months ago",Game #2699904, 2.68x,,,
30,"Date:  Wed, 01 Jan 2020 00:56:29 GMT6 months ago",Game #2699905, 3.17x,,,
31,"Date:  Wed, 01 Jan 2020 00:56:54 GMT6 months ago",Game #2699906, 5.14x,,,
32,"Date:  Wed, 01 Jan 2020 00:57:25 GMT6 months ago",Game #2699907, 1.2x,,,
33,"Date:  Wed, 01 Jan 2020 00:57:36 GMT6 months ago",Game #2699908, 2.19x,,,
34,"Date:  Wed, 01 Jan 2020 00:57:56 GMT6 months ago",Game #2699909, 1.23x,,,
35,"Date:  Wed, 01 Jan 2020 00:58:07 GMT6 months ago",Game #2699910, 1.04x,,,
36,"Date:  Wed, 01 Jan 2020 00:58:16 GMT6 months ago",Game #2699911, 9.4x,,,
37,"Date:  Wed, 01 Jan 2020 00:58:57 GMT6 months ago",Game #2699912, 3.02x,,,
38,"Date:  Wed, 01 Jan 2020 00:59:21 GMT6 months ago",Game #2699913, 10.95x,,,
39,"Date:  Wed, 01 Jan 2020 01:00:04 GMT6 months ago",Game #2699914, 1.1x,,,
40,"Date:  Wed, 01 Jan 2020 01:00:13 GMT6 months ago",Game #2699915, 1.66x,,,
41,"Date:  Wed, 01 Jan 2020 01:00:29 GMT6 months ago",Game #2699916, 1.06x,,,
42,NAN,NAN,NAN,,,
43,"Date:  Wed, 01 Jan 2020 01:00:58 GMT6 months ago",Game #2699918, 71.41x,,,
44,"Date:  Wed, 01 Jan 2020 01:02:08 GMT6 months ago",Game #2699919, 3.56x,,,
45,"Date:  Wed, 01 Jan 2020 01:02:34 GMT6 months ago",Game #2699920, 1.1x,,,
46,"Date:  Wed, 01 Jan 2020 01:02:44 GMT6 months ago",Game #2699921, 1.58x,,,
47,"Date:  Wed, 01 Jan 2020 01:02:59 GMT6 months ago",Game #2699922, 1.6x,,,
48,"Date:  Wed, 01 Jan 2020 01:03:14 GMT6 months ago",Game #2699923, 58.62x,,,
49,"Date:  Wed, 01 Jan 2020 01:04:21 GMT6 months ago",Game #2699924, 1.13x,,,
50,"Date:  Wed, 01 Jan 2020 01:04:31 GMT6 months ago",Game #2699925, 6.53x,,,
51,"Date:  Wed, 01 Jan 2020 01:05:06 GMT6 months ago",Game #2699926, 2.16x,,,
52,"Date:  Wed, 01 Jan 2020 01:05:25 GMT6 months ago",Game #2699927, 1.17x,,,
53,"Date:  Wed, 01 Jan 2020 01:05:36 GMT6 months ago",Game #2699928, 12.05x,,,
54,"Date:  Wed, 01 Jan 2020 01:06:20 GMT6 months ago",Game #2699929, 1.35x,,,
55,"Date:  Wed, 01 Jan 2020 01:06:33 GMT6 months ago",Game #2699930, 1.9x,,,
56,"Date:  Wed, 01 Jan 2020 01:06:50 GMT6 months ago",Game #2699931, 2.62x,,,
57,"Date:  Wed, 01 Jan 2020 01:07:13 GMT6 months ago",Game #2699932, 1.13x,,,
58,"Date:  Wed, 01 Jan 2020 01:07:23 GMT6 months ago",Game #2699933, 1.01x,,,
59,"Date:  Wed, 01 Jan 2020 01:07:31 GMT6 months ago",Game #2699934, 9.54x,,,
60,"Date:  Wed, 01 Jan 2020 01:08:12 GMT6 months ago",Game #2699935, 1.27x,,,
61,"Date:  Wed, 01 Jan 2020 01:08:24 GMT6 months ago",Game #2699936, 2.76x,,,
62,"Date:  Wed, 01 Jan 2020 01:08:47 GMT6 months ago",Game #2699937, 1.21x,,,
63,"Date:  Wed, 01 Jan 2020 01:08:58 GMT6 months ago",Game #2699938, 16.38x,,,
64,"Date:  Wed, 01 Jan 2020 01:09:46 GMT6 months ago",Game #2699939, 1.92x,,,
65,"Date:  Wed, 01 Jan 2020 01:10:04 GMT6 months ago",Game #2699940, 2.39x,,,
66,"Date:  Wed, 01 Jan 2020 01:10:25 GMT6 months ago",Game #2699941, 2.27x,,,
67,"Date:  Wed, 01 Jan 2020 01:10:45 GMT6 months ago",Game #2699942, 2.54x,,,
68,"Date:  Wed, 01 Jan 2020 01:11:07 GMT6 months ago",Game #2699943, 2.03x,,,
69,"Date:  Wed, 01 Jan 2020 01:11:25 GMT6 months ago",Game #2699944, 2.4x,,,
70,"Date:  Wed, 01 Jan 2020 01:11:46 GMT6 months ago",Game #2699945, 1.9x,,,
71,"Date:  Wed, 01 Jan 2020 01:12:03 GMT6 months ago",Game #2699946, 1x,,,
72,"Date:  Wed, 01 Jan 2020 01:12:12 GMT6 months ago",Game #2699947, 1.31x,,,
73,"Date:  Wed, 01 Jan 2020 01:12:24 GMT6 months ago",Game #2699948, 1.51x,,,
74,"Date:  Wed, 01 Jan 2020 01:12:38 GMT6 months ago",Game #2699949, 2x,,,
75,"Date:  Wed, 01 Jan 2020 01:12:56 GMT6 months ago",Game #2699950, 1.2x,,,
76,"Date:  Wed, 01 Jan 2020 01:13:07 GMT6 months ago",Game #2699951, 1.98x,,,
77,"Date:  Wed, 01 Jan 2020 01:13:25 GMT6 months ago",Game #2699952, 1.29x,,,
78,"Date:  Wed, 01 Jan 2020 01:13:37 GMT6 months ago",Game #2699953, 2.45x,,,
79,"Date:  Wed, 01 Jan 2020 01:13:59 GMT6 months ago",Game #2699954, 1.96x,,,
80,"Date:  Wed, 01 Jan 2020 01:14:17 GMT6 months ago",Game #2699955, 1.51x,,,
81,"Date:  Wed, 01 Jan 2020 01:14:31 GMT6 months ago",Game #2699956, 1.37x,,,
82,"Date:  Wed, 01 Jan 2020 01:14:44 GMT6 months ago",Game #2699957, 1x,,,
83,"Date:  Wed, 01 Jan 2020 01:14:52 GMT6 months ago",Game #2699958, 1.19x,,,
84,"Date:  Wed, 01 Jan 2020 01:15:03 GMT6 months ago",Game #2699959, 6.58x,,,
85,"Date:  Wed, 01 Jan 2020 01:15:38 GMT6 months ago",Game #2699960, 4.1x,,,
86,"Date:  Wed, 01 Jan 2020 01:16:07 GMT6 months ago",Game #2699961, 1.14x,,,
87,"Date:  Wed, 01 Jan 2020 01:16:17 GMT6 months ago",Game #2699962, 1.52x,,,
88,"Date:  Wed, 01 Jan 2020 01:16:31 GMT6 months ago",Game #2699963, 1.25x,,,
89,"Date:  Wed, 01 Jan 2020 01:16:43 GMT6 months ago",Game #2699964, 2.47x,,,
90,"Date:  Wed, 01 Jan 2020 01:17:04 GMT6 months ago",Game #2699965, 75.46x,,,
91,"Date:  Wed, 01 Jan 2020 01:18:15 GMT6 months ago",Game #2699966, 1.22x,,,
92,"Date:  Wed, 01 Jan 2020 01:18:26 GMT6 months ago",Game #2699967, 226.03x,,,
93,"Date:  Wed, 01 Jan 2020 01:19:52 GMT6 months ago",Game #2699968, 1.16x,,,
94,"Date:  Wed, 01 Jan 2020 01:20:03 GMT6 months ago",Game #2699969, 3.26x,,,
95,"Date:  Wed, 01 Jan 2020 01:20:28 GMT6 months ago",Game #2699970, 1.67x,,,
96,"Date:  Wed, 01 Jan 2020 01:20:44 GMT6 months ago",Game #2699971, 1.33x,,,
97,NAN,NAN,NAN,,,
98,"Date:  Wed, 01 Jan 2020 01:21:11 GMT6 months ago",Game #2699973, 1.2x,,,
99,"Date:  Wed, 01 Jan 2020 01:21:22 GMT6 months ago",Game #2699974, 1.04x,,,
100,"Date:  Wed, 01 Jan 2020 01:21:31 GMT6 months ago",Game #2699975, 77.94x,,,
101,"Date:  Wed, 01 Jan 2020 01:22:42 GMT6 months ago",Game #2699976, 1.02x,,,
102,"Date:  Wed, 01 Jan 2020 01:22:50 GMT6 months ago",Game #2699977, 1.76x,,,
103,"Date:  Wed, 01 Jan 2020 01:23:07 GMT6 months ago",Game #2699978, 1.53x,,,
104,"Date:  Wed, 01 Jan 2020 01:23:21 GMT6 months ago",Game #2699979, 1.06x,,,
105,"Date:  Wed, 01 Jan 2020 01:23:30 GMT6 months ago",Game #2699980, 3.48x,,,
106,"Date:  Wed, 01 Jan 2020 01:23:56 GMT6 months ago",Game #2699981, 9.42x,,,
107,"Date:  Wed, 01 Jan 2020 01:24:37 GMT6 months ago",Game #2699982, 2.08x,,,
108,"Date:  Wed, 01 Jan 2020 01:24:56 GMT6 months ago",Game #2699983, 1.24x,,,
109,"Date:  Wed, 01 Jan 2020 01:25:07 GMT6 months ago",Game #2699984, 11.86x,,,
110,"Date:  Wed, 01 Jan 2020 01:25:51 GMT6 months ago",Game #2699985, 2.18x,,,
111,"Date:  Wed, 01 Jan 2020 01:26:11 GMT6 months ago",Game #2699986, 1.04x,,,
112,"Date:  Wed, 01 Jan 2020 01:26:20 GMT6 months ago",Game #2699987, 2.01x,,,
113,"Date:  Wed, 01 Jan 2020 01:26:38 GMT6 months ago",Game #2699988, 1.06x,,,
114,"Date:  Wed, 01 Jan 2020 01:26:47 GMT6 months ago",Game #2699989, 2.48x,,,
115,"Date:  Wed, 01 Jan 2020 01:27:08 GMT6 months ago",Game #2699990, 8.92x,,,
116,"Date:  Wed, 01 Jan 2020 01:27:48 GMT6 months ago",Game #2699991, 1.13x,,,
117,"Date:  Wed, 01 Jan 2020 01:27:58 GMT6 months ago",Game #2699992, 1.36x,,,
118,"Date:  Wed, 01 Jan 2020 01:28:11 GMT6 months ago",Game #2699993, 13.76x,,,
119,"Date:  Wed, 01 Jan 2020 01:28:57 GMT6 months ago",Game #2699994, 2.44x,,,
120,"Date:  Wed, 01 Jan 2020 01:29:18 GMT6 months ago",Game #2699995, 3x,,,
121,"Date:  Wed, 01 Jan 2020 01:29:42 GMT6 months ago",Game #2699996, 1.31x,,,
122,"Date:  Wed, 01 Jan 2020 01:29:55 GMT6 months ago",Game #2699997, 1.41x,,,
123,"Date:  Wed, 01 Jan 2020 01:30:08 GMT6 months ago",Game #2699998, 1x,,,
124,"Date:  Wed, 01 Jan 2020 01:30:16 GMT6 months ago",Game #2699999, 3.29x,,,
125,"Date:  Wed, 01 Jan 2020 01:30:42 GMT6 months ago",Game #2700000, 3.64x,,,
126,"Date:  Wed, 01 Jan 2020 01:31:08 GMT6 months ago",Game #2700001, 1.3x,,,
127,"Date:  Wed, 01 Jan 2020 01:31:21 GMT6 months ago",Game #2700002, 1.27x,,,
128,"Date:  Wed, 01 Jan 2020 01:31:32 GMT6 months ago",Game #2700003, 3.12x,,,
129,"Date:  Wed, 01 Jan 2020 01:31:57 GMT6 months ago",Game #2700004, 5.95x,,,
130,"Date:  Wed, 01 Jan 2020 01:32:31 GMT6 months ago",Game #2700005, 1.11x,,,
131,"Date:  Wed, 01 Jan 2020 01:32:41 GMT6 months ago",Game #2700006, 1.79x,,,
132,"Date:  Wed, 01 Jan 2020 01:32:57 GMT6 months ago",Game #2700007, 1.1x,,,
133,"Date:  Wed, 01 Jan 2020 01:33:07 GMT6 months ago",Game #2700008, 2.73x,,,
134,"Date:  Wed, 01 Jan 2020 01:33:30 GMT6 months ago",Game #2700009, 1.38x,,,
135,"Date:  Wed, 01 Jan 2020 01:33:43 GMT6 months ago",Game #2700010, 1.87x,,,
136,"Date:  Wed, 01 Jan 2020 01:34:00 GMT6 months ago",Game #2700011, 3.45x,,,
137,"Date:  Wed, 01 Jan 2020 01:34:26 GMT6 months ago",Game #2700012, 1.65x,,,
138,"Date:  Wed, 01 Jan 2020 01:34:42 GMT6 months ago",Game #2700013, 2.55x,,,
139,"Date:  Wed, 01 Jan 2020 01:35:03 GMT6 months ago",Game #2700014, 4.83x,,,
140,"Date:  Wed, 01 Jan 2020 01:35:34 GMT6 months ago",Game #2700015, 5.92x,,,
141,"Date:  Wed, 01 Jan 2020 01:36:08 GMT6 months ago",Game #2700016, 1.61x,,,
142,"Date:  Wed, 01 Jan 2020 01:36:23 GMT6 months ago",Game #2700017, 2.31x,,,
143,"Date:  Wed, 01 Jan 2020 01:36:44 GMT6 months ago",Game #2700018, 1.04x,,,
144,"Date:  Wed, 01 Jan 2020 01:36:53 GMT6 months ago",Game #2700019, 1.08x,,,
145,"Date:  Wed, 01 Jan 2020 01:37:02 GMT6 months ago",Game #2700020, 1.02x,,,
146,NAN,NAN,NAN,,,
147,"Date:  Wed, 01 Jan 2020 01:37:37 GMT6 months ago",Game #2700022, 1.86x,,,
148,"Date:  Wed, 01 Jan 2020 01:37:54 GMT6 months ago",Game #2700023, 1.05x,,,
149,"Date:  Wed, 01 Jan 2020 01:38:03 GMT6 months ago",Game #2700024, 1.98x,,,
150,"Date:  Wed, 01 Jan 2020 01:38:22 GMT6 months ago",Game #2700025, 5.64x,,,
151,"Date:  Wed, 01 Jan 2020 01:38:55 GMT6 months ago",Game #2700026, 10.65x,,,
152,"Date:  Wed, 01 Jan 2020 01:39:37 GMT6 months ago",Game #2700027, 9.17x,,,
153,"Date:  Wed, 01 Jan 2020 01:40:17 GMT6 months ago",Game #2700028, 2.5x,,,
154,"Date:  Wed, 01 Jan 2020 01:40:39 GMT6 months ago",Game #2700029, 1.12x,,,
155,"Date:  Wed, 01 Jan 2020 01:40:49 GMT6 months ago",Game #2700030, 11.06x,,,
156,"Date:  Wed, 01 Jan 2020 01:41:32 GMT6 months ago",Game #2700031, 2.18x,,,
157,"Date:  Wed, 01 Jan 2020 01:41:51 GMT6 months ago",Game #2700032, 1.27x,,,
158,"Date:  Wed, 01 Jan 2020 01:42:03 GMT6 months ago",Game #2700033, 1.21x,,,
159,"Date:  Wed, 01 Jan 2020 01:42:14 GMT6 months ago",Game #2700034, 1.99x,,,
160,"Date:  Wed, 01 Jan 2020 01:42:32 GMT6 months ago",Game #2700035, 2.59x,,,
161,"Date:  Wed, 01 Jan 2020 01:42:54 GMT6 months ago",Game #2700036, 5.51x,,,
162,"Date:  Wed, 01 Jan 2020 01:43:27 GMT6 months ago",Game #2700037, 5.16x,,,
163,"Date:  Wed, 01 Jan 2020 01:43:59 GMT6 months ago",Game #2700038, 1.35x,,,
164,"Date:  Wed, 01 Jan 2020 01:44:11 GMT6 months ago",Game #2700039, 1.12x,,,
165,"Date:  Wed, 01 Jan 2020 01:44:21 GMT6 months ago",Game #2700040, 1.71x,,,
166,"Date:  Wed, 01 Jan 2020 01:44:38 GMT6 months ago",Game #2700041, 1.83x,,,
167,"Date:  Wed, 01 Jan 2020 01:44:54 GMT6 months ago",Game #2700042, 1.17x,,,
168,"Date:  Wed, 01 Jan 2020 01:45:05 GMT6 months ago",Game #2700043, 9.98x,,,
169,"Date:  Wed, 01 Jan 2020 01:45:46 GMT6 months ago",Game #2700044, 1.51x,,,
170,"Date:  Wed, 01 Jan 2020 01:46:01 GMT6 months ago",Game #2700045, 2.66x,,,
171,"Date:  Wed, 01 Jan 2020 01:46:23 GMT6 months ago",Game #2700046, 1.75x,,,
172,"Date:  Wed, 01 Jan 2020 01:46:39 GMT6 months ago",Game #2700047, 9.75x,,,
173,"Date:  Wed, 01 Jan 2020 01:47:20 GMT6 months ago",Game #2700048, 1.28x,,,
174,NAN,NAN,NAN,,,
175,"Date:  Wed, 01 Jan 2020 01:47:47 GMT6 months ago",Game #2700050, 1.36x,,,
176,"Date:  Wed, 01 Jan 2020 01:48:00 GMT6 months ago",Game #2700051, 3.77x,,,
177,"Date:  Wed, 01 Jan 2020 01:48:27 GMT6 months ago",Game #2700052, 1.07x,,,
178,"Date:  Wed, 01 Jan 2020 01:48:37 GMT6 months ago",Game #2700053, 1.28x,,,
179,"Date:  Wed, 01 Jan 2020 01:48:49 GMT6 months ago",Game #2700054, 5.68x,,,
180,"Date:  Wed, 01 Jan 2020 01:49:22 GMT6 months ago",Game #2700055, 2.22x,,,
181,"Date:  Wed, 01 Jan 2020 01:49:42 GMT6 months ago",Game #2700056, 1.53x,,,
182,"Date:  Wed, 01 Jan 2020 01:49:56 GMT6 months ago",Game #2700057, 1.01x,,,
183,"Date:  Wed, 01 Jan 2020 01:50:04 GMT6 months ago",Game #2700058, 1.04x,,,
184,"Date:  Wed, 01 Jan 2020 01:50:13 GMT6 months ago",Game #2700059, 3.53x,,,
185,"Date:  Wed, 01 Jan 2020 01:50:40 GMT6 months ago",Game #2700060, 31.84x,,,
186,"Date:  Wed, 01 Jan 2020 01:51:38 GMT6 months ago",Game #2700061, 5.5x,,,
187,"Date:  Wed, 01 Jan 2020 01:52:11 GMT6 months ago",Game #2700062, 1886.35x,,,
188,"Date:  Wed, 01 Jan 2020 01:54:08 GMT6 months ago",Game #2700063, 1.85x,,,
189,"Date:  Wed, 01 Jan 2020 01:54:25 GMT6 months ago",Game #2700064, 1.31x,,,
190,"Date:  Wed, 01 Jan 2020 01:54:37 GMT6 months ago",Game #2700065, 24.32x,,,
191,"Date:  Wed, 01 Jan 2020 01:55:31 GMT6 months ago",Game #2700066, 2.63x,,,
192,"Date:  Wed, 01 Jan 2020 01:55:54 GMT6 months ago",Game #2700067, 22.35x,,,
193,"Date:  Wed, 01 Jan 2020 01:56:47 GMT6 months ago",Game #2700068, 5.47x,,,
194,"Date:  Wed, 01 Jan 2020 01:57:19 GMT6 months ago",Game #2700069, 1.22x,,,
195,"Date:  Wed, 01 Jan 2020 01:57:31 GMT6 months ago",Game #2700070, 1.23x,,,
196,"Date:  Wed, 01 Jan 2020 01:57:42 GMT6 months ago",Game #2700071, 3.17x,,,
197,"Date:  Wed, 01 Jan 2020 01:58:07 GMT6 months ago",Game #2700072, 1x,,,
198,"Date:  Wed, 01 Jan 2020 01:58:15 GMT6 months ago",Game #2700073, 42x,,,
199,"Date:  Wed, 01 Jan 2020 01:59:17 GMT6 months ago",Game #2700074, 1.77x,,,
200,"Date:  Wed, 01 Jan 2020 01:59:34 GMT6 months ago",Game #2700075, 10.76x,,,
201,"Date:  Wed, 01 Jan 2020 02:00:16 GMT6 months ago",Game #2700076, 3.55x,,,
202,"Date:  Wed, 01 Jan 2020 02:00:43 GMT6 months ago",Game #2700077, 1.44x,,,
203,"Date:  Wed, 01 Jan 2020 02:00:56 GMT6 months ago",Game #2700078, 1.64x,,,
204,"Date:  Wed, 01 Jan 2020 02:01:12 GMT6 months ago",Game #2700079, 1.31x,,,
205,"Date:  Wed, 01 Jan 2020 02:01:24 GMT6 months ago",Game #2700080, 3.19x,,,
206,"Date:  Wed, 01 Jan 2020 02:01:49 GMT6 months ago",Game #2700081, 1x,,,
207,"Date:  Wed, 01 Jan 2020 02:01:57 GMT6 months ago",Game #2700082, 2.97x,,,
208,"Date:  Wed, 01 Jan 2020 02:02:21 GMT6 months ago",Game #2700083, 7.8x,,,
209,"Date:  Wed, 01 Jan 2020 02:02:59 GMT6 months ago",Game #2700084, 1.18x,,,
210,"Date:  Wed, 01 Jan 2020 02:03:09 GMT6 months ago",Game #2700085, 9.11x,,,
211,"Date:  Wed, 01 Jan 2020 02:03:50 GMT6 months ago",Game #2700086, 1.41x,,,
212,"Date:  Wed, 01 Jan 2020 02:04:03 GMT6 months ago",Game #2700087, 2.77x,,,
213,"Date:  Wed, 01 Jan 2020 02:04:26 GMT6 months ago",Game #2700088, 1.11x,,,
214,"Date:  Wed, 01 Jan 2020 02:04:36 GMT6 months ago",Game #2700089, 1.78x,,,
215,"Date:  Wed, 01 Jan 2020 02:04:52 GMT6 months ago",Game #2700090, 120.28x,,,
216,"Date:  Wed, 01 Jan 2020 02:06:10 GMT6 months ago",Game #2700091, 1.35x,,,
217,"Date:  Wed, 01 Jan 2020 02:06:22 GMT6 months ago",Game #2700092, 12.5x,,,
218,"Date:  Wed, 01 Jan 2020 02:07:07 GMT6 months ago",Game #2700093, 15.38x,,,
219,"Date:  Wed, 01 Jan 2020 02:07:55 GMT6 months ago",Game #2700094, 1.37x,,,
220,NAN,NAN,NAN,,,
221,"Date:  Wed, 01 Jan 2020 02:08:28 GMT6 months ago",Game #2700096, 1x,,,
222,"Date:  Wed, 01 Jan 2020 02:08:37 GMT6 months ago",Game #2700097, 3.51x,,,
223,"Date:  Wed, 01 Jan 2020 02:09:03 GMT6 months ago",Game #2700098, 1.16x,,,
224,"Date:  Wed, 01 Jan 2020 02:09:13 GMT6 months ago",Game #2700099, 2.16x,,,
225,"Date:  Wed, 01 Jan 2020 02:09:33 GMT6 months ago",Game #2700100, 2.63x,,,
226,"Date:  Wed, 01 Jan 2020 02:09:55 GMT6 months ago",Game #2700101, 2.19x,,,
227,"Date:  Wed, 01 Jan 2020 02:10:14 GMT6 months ago",Game #2700102, 11.47x,,,
228,"Date:  Wed, 01 Jan 2020 02:10:58 GMT6 months ago",Game #2700103, 5.56x,,,
229,"Date:  Wed, 01 Jan 2020 02:11:31 GMT6 months ago",Game #2700104, 2.97x,,,
230,"Date:  Wed, 01 Jan 2020 02:11:55 GMT6 months ago",Game #2700105, 6.13x,,,
231,"Date:  Wed, 01 Jan 2020 02:12:29 GMT6 months ago",Game #2700106, 1.12x,,,
232,"Date:  Wed, 01 Jan 2020 02:12:39 GMT6 months ago",Game #2700107, 2.86x,,,
233,"Date:  Wed, 01 Jan 2020 02:13:03 GMT6 months ago",Game #2700108, 3.37x,,,
234,"Date:  Wed, 01 Jan 2020 02:13:28 GMT6 months ago",Game #2700109, 4.37x,,,
235,"Date:  Wed, 01 Jan 2020 02:13:58 GMT6 months ago",Game #2700110, 1.63x,,,
236,"Date:  Wed, 01 Jan 2020 02:14:13 GMT6 months ago",Game #2700111, 6.02x,,,
237,"Date:  Wed, 01 Jan 2020 02:14:47 GMT6 months ago",Game #2700112, 2.81x,,,
238,"Date:  Wed, 01 Jan 2020 02:15:11 GMT6 months ago",Game #2700113, 1.31x,,,
239,"Date:  Wed, 01 Jan 2020 02:15:23 GMT6 months ago",Game #2700114, 1.91x,,,
240,"Date:  Wed, 01 Jan 2020 02:15:41 GMT6 months ago",Game #2700115, 2.51x,,,
241,"Date:  Wed, 01 Jan 2020 02:16:02 GMT6 months ago",Game #2700116, 1.43x,,,
242,"Date:  Wed, 01 Jan 2020 02:16:16 GMT6 months ago",Game #2700117, 1.41x,,,
243,"Date:  Wed, 01 Jan 2020 02:16:29 GMT6 months ago",Game #2700118, 15.8x,,,
244,"Date:  Wed, 01 Jan 2020 02:17:17 GMT6 months ago",Game #2700119, 5.61x,,,
245,"Date:  Wed, 01 Jan 2020 02:17:50 GMT6 months ago",Game #2700120, 2.79x,,,
246,"Date:  Wed, 01 Jan 2020 02:18:13 GMT6 months ago",Game #2700121, 3.57x,,,
247,"Date:  Wed, 01 Jan 2020 02:18:40 GMT6 months ago",Game #2700122, 1.06x,,,
248,"Date:  Wed, 01 Jan 2020 02:18:49 GMT6 months ago",Game #2700123, 1.81x,,,
249,NAN,NAN,NAN,,,
250,"Date:  Wed, 01 Jan 2020 02:19:15 GMT6 months ago",Game #2700125, 2.19x,,,
251,"Date:  Wed, 01 Jan 2020 02:19:34 GMT6 months ago",Game #2700126, 5.1x,,,
252,"Date:  Wed, 01 Jan 2020 02:20:06 GMT6 months ago",Game #2700127, 2.2x,,,
253,"Date:  Wed, 01 Jan 2020 02:20:25 GMT6 months ago",Game #2700128, 5.71x,,,
254,"Date:  Wed, 01 Jan 2020 02:20:59 GMT6 months ago",Game #2700129, 4.17x,,,
255,"Date:  Wed, 01 Jan 2020 02:21:28 GMT6 months ago",Game #2700130, 1067.76x,,,
256,"Date:  Wed, 01 Jan 2020 02:23:16 GMT6 months ago",Game #2700131, 2.34x,,,
257,"Date:  Wed, 01 Jan 2020 02:23:37 GMT6 months ago",Game #2700132, 1.32x,,,
258,"Date:  Wed, 01 Jan 2020 02:23:49 GMT6 months ago",Game #2700133, 2.39x,,,
259,"Date:  Wed, 01 Jan 2020 02:24:10 GMT6 months ago",Game #2700134, 3.85x,,,
260,"Date:  Wed, 01 Jan 2020 02:24:38 GMT6 months ago",Game #2700135, 2.34x,,,
261,"Date:  Wed, 01 Jan 2020 02:24:58 GMT6 months ago",Game #2700136, 3.17x,,,
262,"Date:  Wed, 01 Jan 2020 02:25:23 GMT6 months ago",Game #2700137, 3.88x,,,
263,"Date:  Wed, 01 Jan 2020 02:25:51 GMT6 months ago",Game #2700138, 2.59x,,,
264,"Date:  Wed, 01 Jan 2020 02:26:13 GMT6 months ago",Game #2700139, 1.57x,,,
265,"Date:  Wed, 01 Jan 2020 02:26:28 GMT6 months ago",Game #2700140, 1.89x,,,
266,"Date:  Wed, 01 Jan 2020 02:26:45 GMT6 months ago",Game #2700141, 1.8x,,,
267,"Date:  Wed, 01 Jan 2020 02:27:02 GMT6 months ago",Game #2700142, 1.04x,,,
268,"Date:  Wed, 01 Jan 2020 02:27:11 GMT6 months ago",Game #2700143, 1.89x,,,
269,"Date:  Wed, 01 Jan 2020 02:27:28 GMT6 months ago",Game #2700144, 3.85x,,,
270,"Date:  Wed, 01 Jan 2020 02:27:56 GMT6 months ago",Game #2700145, 13.91x,,,
271,"Date:  Wed, 01 Jan 2020 02:28:42 GMT6 months ago",Game #2700146, 1.76x,,,
272,"Date:  Wed, 01 Jan 2020 02:28:59 GMT6 months ago",Game #2700147, 1.51x,,,
273,"Date:  Wed, 01 Jan 2020 02:29:13 GMT6 months ago",Game #2700148, 2.17x,,,
274,NAN,NAN,NAN,,,
275,"Date:  Wed, 01 Jan 2020 02:29:54 GMT6 months ago",Game #2700150, 1.85x,,,
276,"Date:  Wed, 01 Jan 2020 02:30:11 GMT6 months ago",Game #2700151, 1.7x,,,
277,"Date:  Wed, 01 Jan 2020 02:30:27 GMT6 months ago",Game #2700152, 1.07x,,,
278,"Date:  Wed, 01 Jan 2020 02:30:37 GMT6 months ago",Game #2700153, 1.23x,,,
279,"Date:  Wed, 01 Jan 2020 02:30:48 GMT6 months ago",Game #2700154, 1x,,,
280,"Date:  Wed, 01 Jan 2020 02:30:56 GMT6 months ago",Game #2700155, 1.02x,,,
281,"Date:  Wed, 01 Jan 2020 02:31:05 GMT6 months ago",Game #2700156, 23.52x,,,
282,"Date:  Wed, 01 Jan 2020 02:31:59 GMT6 months ago",Game #2700157, 1.99x,,,
283,"Date:  Wed, 01 Jan 2020 02:32:17 GMT6 months ago",Game #2700158, 1.72x,,,
284,"Date:  Wed, 01 Jan 2020 02:32:33 GMT6 months ago",Game #2700159, 1.07x,,,
285,"Date:  Wed, 01 Jan 2020 02:32:42 GMT6 months ago",Game #2700160, 1.33x,,,
286,"Date:  Wed, 01 Jan 2020 02:32:55 GMT6 months ago",Game #2700161, 1x,,,
287,"Date:  Wed, 01 Jan 2020 02:33:03 GMT6 months ago",Game #2700162, 2.21x,,,
288,"Date:  Wed, 01 Jan 2020 02:33:23 GMT6 months ago",Game #2700163, 2.11x,,,
289,"Date:  Wed, 01 Jan 2020 02:33:42 GMT6 months ago",Game #2700164, 1.1x,,,
290,"Date:  Wed, 01 Jan 2020 02:33:51 GMT6 months ago",Game #2700165, 4.71x,,,
291,"Date:  Wed, 01 Jan 2020 02:34:22 GMT6 months ago",Game #2700166, 3.22x,,,
292,"Date:  Wed, 01 Jan 2020 02:34:47 GMT6 months ago",Game #2700167, 3.06x,,,
293,"Date:  Wed, 01 Jan 2020 02:35:11 GMT6 months ago",Game #2700168, 2.16x,,,
294,"Date:  Wed, 01 Jan 2020 02:35:31 GMT6 months ago",Game #2700169, 2.04x,,,
295,NAN,NAN,NAN,,,
296,"Date:  Wed, 01 Jan 2020 02:36:13 GMT6 months ago",Game #2700171, 1.43x,,,
297,"Date:  Wed, 01 Jan 2020 02:36:26 GMT6 months ago",Game #2700172, 1.16x,,,
298,"Date:  Wed, 01 Jan 2020 02:36:37 GMT6 months ago",Game #2700173, 1.4x,,,
299,"Date:  Wed, 01 Jan 2020 02:36:50 GMT6 months ago",Game #2700174, 1.29x,,,
300,"Date:  Wed, 01 Jan 2020 02:37:02 GMT6 months ago",Game #2700175, 1.25x,,,
301,"Date:  Wed, 01 Jan 2020 02:37:14 GMT6 months ago",Game #2700176, 1.4x,,,
302,"Date:  Wed, 01 Jan 2020 02:37:27 GMT6 months ago",Game #2700177, 1.78x,,,
303,"Date:  Wed, 01 Jan 2020 02:37:43 GMT6 months ago",Game #2700178, 2.45x,,,
304,"Date:  Wed, 01 Jan 2020 02:38:04 GMT6 months ago",Game #2700179, 1.32x,,,
305,"Date:  Wed, 01 Jan 2020 02:38:17 GMT6 months ago",Game #2700180, 4.35x,,,
306,"Date:  Wed, 01 Jan 2020 02:38:46 GMT6 months ago",Game #2700181, 5.38x,,,
307,"Date:  Wed, 01 Jan 2020 02:39:19 GMT6 months ago",Game #2700182, 1.04x,,,
308,"Date:  Wed, 01 Jan 2020 02:39:28 GMT6 months ago",Game #2700183, 5.83x,,,
309,"Date:  Wed, 01 Jan 2020 02:40:01 GMT6 months ago",Game #2700184, 3.59x,,,
310,"Date:  Wed, 01 Jan 2020 02:40:28 GMT6 months ago",Game #2700185, 1.38x,,,
311,"Date:  Wed, 01 Jan 2020 02:40:41 GMT6 months ago",Game #2700186, 5.91x,,,
312,"Date:  Wed, 01 Jan 2020 02:41:15 GMT6 months ago",Game #2700187, 3.39x,,,
313,"Date:  Wed, 01 Jan 2020 02:41:41 GMT6 months ago",Game #2700188, 6.92x,,,
314,"Date:  Wed, 01 Jan 2020 02:42:17 GMT6 months ago",Game #2700189, 1.07x,,,
315,"Date:  Wed, 01 Jan 2020 02:42:26 GMT6 months ago",Game #2700190, 1.02x,,,
316,"Date:  Wed, 01 Jan 2020 02:42:35 GMT6 months ago",Game #2700191, 11.99x,,,
317,"Date:  Wed, 01 Jan 2020 02:43:19 GMT6 months ago",Game #2700192, 1.1x,,,
318,"Date:  Wed, 01 Jan 2020 02:43:29 GMT6 months ago",Game #2700193, 1.06x,,,
319,"Date:  Wed, 01 Jan 2020 02:43:38 GMT6 months ago",Game #2700194, 2.02x,,,
320,"Date:  Wed, 01 Jan 2020 02:43:56 GMT6 months ago",Game #2700195, 9.78x,,,
321,"Date:  Wed, 01 Jan 2020 02:44:37 GMT6 months ago",Game #2700196, 2.3x,,,
322,"Date:  Wed, 01 Jan 2020 02:44:58 GMT6 months ago",Game #2700197, 1.99x,,,
323,"Date:  Wed, 01 Jan 2020 02:45:16 GMT6 months ago",Game #2700198, 3.88x,,,
324,"Date:  Wed, 01 Jan 2020 02:45:44 GMT6 months ago",Game #2700199, 10.15x,,,
325,"Date:  Wed, 01 Jan 2020 02:46:25 GMT6 months ago",Game #2700200, 1.05x,,,
326,"Date:  Wed, 01 Jan 2020 02:46:34 GMT6 months ago",Game #2700201, 1.39x,,,
327,"Date:  Wed, 01 Jan 2020 02:46:47 GMT6 months ago",Game #2700202, 2.14x,,,
328,"Date:  Wed, 01 Jan 2020 02:47:06 GMT6 months ago",Game #2700203, 1.01x,,,
329,"Date:  Wed, 01 Jan 2020 02:47:15 GMT6 months ago",Game #2700204, 4.32x,,,
330,"Date:  Wed, 01 Jan 2020 02:47:44 GMT6 months ago",Game #2700205, 1.35x,,,
331,"Date:  Wed, 01 Jan 2020 02:47:57 GMT6 months ago",Game #2700206, 2.58x,,,
332,"Date:  Wed, 01 Jan 2020 02:48:19 GMT6 months ago",Game #2700207, 1.71x,,,
333,"Date:  Wed, 01 Jan 2020 02:48:35 GMT6 months ago",Game #2700208, 2.61x,,,
334,"Date:  Wed, 01 Jan 2020 02:48:57 GMT6 months ago",Game #2700209, 3.37x,,,
335,"Date:  Wed, 01 Jan 2020 02:49:23 GMT6 months ago",Game #2700210, 2.06x,,,
336,"Date:  Wed, 01 Jan 2020 02:49:41 GMT6 months ago",Game #2700211, 1.01x,,,
337,"Date:  Wed, 01 Jan 2020 02:49:50 GMT6 months ago",Game #2700212, 14.6x,,,
338,"Date:  Wed, 01 Jan 2020 02:50:37 GMT6 months ago",Game #2700213, 2.94x,,,
339,"Date:  Wed, 01 Jan 2020 02:51:01 GMT6 months ago",Game #2700214, 2.11x,,,
340,"Date:  Wed, 01 Jan 2020 02:51:20 GMT6 months ago",Game #2700215, 3.16x,,,
341,"Date:  Wed, 01 Jan 2020 02:51:44 GMT6 months ago",Game #2700216, 1.67x,,,
342,"Date:  Wed, 01 Jan 2020 02:52:00 GMT6 months ago",Game #2700217, 1.02x,,,
343,"Date:  Wed, 01 Jan 2020 02:52:09 GMT6 months ago",Game #2700218, 4.14x,,,
344,"Date:  Wed, 01 Jan 2020 02:52:37 GMT6 months ago",Game #2700219, 2.4x,,,
345,"Date:  Wed, 01 Jan 2020 02:52:58 GMT6 months ago",Game #2700220, 4.28x,,,
346,"Date:  Wed, 01 Jan 2020 02:53:27 GMT6 months ago",Game #2700221, 10.68x,,,
347,"Date:  Wed, 01 Jan 2020 02:54:10 GMT6 months ago",Game #2700222, 1.42x,,,
348,"Date:  Wed, 01 Jan 2020 02:54:23 GMT6 months ago",Game #2700223, 39.88x,,,
349,"Date:  Wed, 01 Jan 2020 02:55:25 GMT6 months ago",Game #2700224, 1.12x,,,
350,"Date:  Wed, 01 Jan 2020 02:55:35 GMT6 months ago",Game #2700225, 55.01x,,,
351,"Date:  Wed, 01 Jan 2020 02:56:41 GMT6 months ago",Game #2700226, 1.71x,,,
352,"Date:  Wed, 01 Jan 2020 02:56:57 GMT6 months ago",Game #2700227, 2.08x,,,
353,"Date:  Wed, 01 Jan 2020 02:57:16 GMT6 months ago",Game #2700228, 1.33x,,,
354,"Date:  Wed, 01 Jan 2020 02:57:28 GMT6 months ago",Game #2700229, 1.51x,,,
355,"Date:  Wed, 01 Jan 2020 02:57:42 GMT6 months ago",Game #2700230, 2.34x,,,
356,"Date:  Wed, 01 Jan 2020 02:58:03 GMT6 months ago",Game #2700231, 73.52x,,,
357,"Date:  Wed, 01 Jan 2020 02:59:13 GMT6 months ago",Game #2700232, 2.08x,,,
358,"Date:  Wed, 01 Jan 2020 02:59:32 GMT6 months ago",Game #2700233, 1.07x,,,
359,"Date:  Wed, 01 Jan 2020 02:59:41 GMT6 months ago",Game #2700234, 19.05x,,,
360,"Date:  Wed, 01 Jan 2020 03:00:32 GMT6 months ago",Game #2700235, 1.27x,,,
361,"Date:  Wed, 01 Jan 2020 03:00:43 GMT6 months ago",Game #2700236, 3.05x,,,
362,"Date:  Wed, 01 Jan 2020 03:01:08 GMT6 months ago",Game #2700237, 1x,,,
363,"Date:  Wed, 01 Jan 2020 03:01:16 GMT6 months ago",Game #2700238, 1.22x,,,
364,"Date:  Wed, 01 Jan 2020 03:01:27 GMT6 months ago",Game #2700239, 1.78x,,,
365,"Date:  Wed, 01 Jan 2020 03:01:44 GMT6 months ago",Game #2700240, 1.26x,,,
366,"Date:  Wed, 01 Jan 2020 03:01:55 GMT6 months ago",Game #2700241, 2.47x,,,
367,"Date:  Wed, 01 Jan 2020 03:02:17 GMT6 months ago",Game #2700242, 2.31x,,,
368,"Date:  Wed, 01 Jan 2020 03:02:37 GMT6 months ago",Game #2700243, 17.35x,,,
369,"Date:  Wed, 01 Jan 2020 03:03:26 GMT6 months ago",Game #2700244, 15.75x,,,
370,"Date:  Wed, 01 Jan 2020 03:04:14 GMT6 months ago",Game #2700245, 5.81x,,,
371,NAN,NAN,NAN,,,
372,"Date:  Wed, 01 Jan 2020 03:05:25 GMT6 months ago",Game #2700247, 3.93x,,,
373,"Date:  Wed, 01 Jan 2020 03:05:53 GMT6 months ago",Game #2700248, 2.07x,,,
374,"Date:  Wed, 01 Jan 2020 03:06:12 GMT6 months ago",Game #2700249, 3.76x,,,
375,"Date:  Wed, 01 Jan 2020 03:06:39 GMT6 months ago",Game #2700250, 1.01x,,,
376,"Date:  Wed, 01 Jan 2020 03:06:47 GMT6 months ago",Game #2700251, 1.61x,,,
377,"Date:  Wed, 01 Jan 2020 03:07:03 GMT6 months ago",Game #2700252, 1.05x,,,
378,"Date:  Wed, 01 Jan 2020 03:07:12 GMT6 months ago",Game #2700253, 12.1x,,,
379,"Date:  Wed, 01 Jan 2020 03:07:56 GMT6 months ago",Game #2700254, 11.28x,,,
380,"Date:  Wed, 01 Jan 2020 03:08:39 GMT6 months ago",Game #2700255, 1.11x,,,
381,"Date:  Wed, 01 Jan 2020 03:08:49 GMT6 months ago",Game #2700256, 1.61x,,,
382,"Date:  Wed, 01 Jan 2020 03:09:04 GMT6 months ago",Game #2700257, 7.78x,,,
383,"Date:  Wed, 01 Jan 2020 03:09:42 GMT6 months ago",Game #2700258, 1.44x,,,
384,"Date:  Wed, 01 Jan 2020 03:09:55 GMT6 months ago",Game #2700259, 1.07x,,,
385,"Date:  Wed, 01 Jan 2020 03:10:05 GMT6 months ago",Game #2700260, 3.81x,,,
386,"Date:  Wed, 01 Jan 2020 03:10:32 GMT6 months ago",Game #2700261, 1.04x,,,
387,"Date:  Wed, 01 Jan 2020 03:10:41 GMT6 months ago",Game #2700262, 6.65x,,,
388,"Date:  Wed, 01 Jan 2020 03:11:17 GMT6 months ago",Game #2700263, 1x,,,
389,"Date:  Wed, 01 Jan 2020 03:11:25 GMT6 months ago",Game #2700264, 1.27x,,,
390,"Date:  Wed, 01 Jan 2020 03:11:37 GMT6 months ago",Game #2700265, 2.98x,,,
391,"Date:  Wed, 01 Jan 2020 03:12:01 GMT6 months ago",Game #2700266, 2.17x,,,
392,"Date:  Wed, 01 Jan 2020 03:12:20 GMT6 months ago",Game #2700267, 1x,,,
393,"Date:  Wed, 01 Jan 2020 03:12:28 GMT6 months ago",Game #2700268, 6.04x,,,
394,"Date:  Wed, 01 Jan 2020 03:13:03 GMT6 months ago",Game #2700269, 9.11x,,,
395,"Date:  Wed, 01 Jan 2020 03:13:43 GMT6 months ago",Game #2700270, 1.96x,,,
396,"Date:  Wed, 01 Jan 2020 03:14:01 GMT6 months ago",Game #2700271, 2.01x,,,
397,"Date:  Wed, 01 Jan 2020 03:14:19 GMT6 months ago",Game #2700272, 10.7x,,,
398,"Date:  Wed, 01 Jan 2020 03:15:01 GMT6 months ago",Game #2700273, 1x,,,
399,"Date:  Wed, 01 Jan 2020 03:15:10 GMT6 months ago",Game #2700274, 2.26x,,,
400,"Date:  Wed, 01 Jan 2020 03:15:30 GMT6 months ago",Game #2700275, 2.69x,,,
401,"Date:  Wed, 01 Jan 2020 03:15:52 GMT6 months ago",Game #2700276, 1.35x,,,
402,"Date:  Wed, 01 Jan 2020 03:16:05 GMT6 months ago",Game #2700277, 67.33x,,,
403,"Date:  Wed, 01 Jan 2020 03:17:14 GMT6 months ago",Game #2700278, 1.51x,,,
404,"Date:  Wed, 01 Jan 2020 03:17:28 GMT6 months ago",Game #2700279, 1.45x,,,
405,"Date:  Wed, 01 Jan 2020 03:17:42 GMT6 months ago",Game #2700280, 1.18x,,,
406,"Date:  Wed, 01 Jan 2020 03:17:52 GMT6 months ago",Game #2700281, 2.84x,,,
407,"Date:  Wed, 01 Jan 2020 03:18:16 GMT6 months ago",Game #2700282, 2.32x,,,
408,"Date:  Wed, 01 Jan 2020 03:18:36 GMT6 months ago",Game #2700283, 1.59x,,,
409,"Date:  Wed, 01 Jan 2020 03:18:51 GMT6 months ago",Game #2700284, 3.72x,,,
410,"Date:  Wed, 01 Jan 2020 03:19:18 GMT6 months ago",Game #2700285, 1.94x,,,
411,"Date:  Wed, 01 Jan 2020 03:19:36 GMT6 months ago",Game #2700286, 4.04x,,,
412,"Date:  Wed, 01 Jan 2020 03:20:04 GMT6 months ago",Game #2700287, 4.75x,,,
413,"Date:  Wed, 01 Jan 2020 03:20:35 GMT6 months ago",Game #2700288, 1x,,,
414,"Date:  Wed, 01 Jan 2020 03:20:44 GMT6 months ago",Game #2700289, 7.59x,,,
415,"Date:  Wed, 01 Jan 2020 03:21:21 GMT6 months ago",Game #2700290, 4.13x,,,
416,"Date:  Wed, 01 Jan 2020 03:21:50 GMT6 months ago",Game #2700291, 2.27x,,,
417,"Date:  Wed, 01 Jan 2020 03:22:10 GMT6 months ago",Game #2700292, 1.1x,,,
418,"Date:  Wed, 01 Jan 2020 03:22:20 GMT6 months ago",Game #2700293, 3.97x,,,
419,"Date:  Wed, 01 Jan 2020 03:22:48 GMT6 months ago",Game #2700294, 1.51x,,,
420,"Date:  Wed, 01 Jan 2020 03:23:02 GMT6 months ago",Game #2700295, 1.01x,,,
421,"Date:  Wed, 01 Jan 2020 03:23:10 GMT6 months ago",Game #2700296, 8.07x,,,
422,"Date:  Wed, 01 Jan 2020 03:23:49 GMT6 months ago",Game #2700297, 1.8x,,,
423,"Date:  Wed, 01 Jan 2020 03:24:06 GMT6 months ago",Game #2700298, 1.22x,,,
424,"Date:  Wed, 01 Jan 2020 03:24:17 GMT6 months ago",Game #2700299, 5.35x,,,
425,"Date:  Wed, 01 Jan 2020 03:24:49 GMT6 months ago",Game #2700300, 1.68x,,,
426,"Date:  Wed, 01 Jan 2020 03:25:05 GMT6 months ago",Game #2700301, 1x,,,
427,"Date:  Wed, 01 Jan 2020 03:25:13 GMT6 months ago",Game #2700302, 2.3x,,,
428,"Date:  Wed, 01 Jan 2020 03:25:33 GMT6 months ago",Game #2700303, 1.23x,,,
429,"Date:  Wed, 01 Jan 2020 03:25:45 GMT6 months ago",Game #2700304, 2.94x,,,
430,"Date:  Wed, 01 Jan 2020 03:26:09 GMT6 months ago",Game #2700305, 1.88x,,,
431,"Date:  Wed, 01 Jan 2020 03:26:26 GMT6 months ago",Game #2700306, 5.65x,,,
432,"Date:  Wed, 01 Jan 2020 03:26:59 GMT6 months ago",Game #2700307, 1.26x,,,
433,"Date:  Wed, 01 Jan 2020 03:27:11 GMT6 months ago",Game #2700308, 13.03x,,,
434,"Date:  Wed, 01 Jan 2020 03:27:56 GMT6 months ago",Game #2700309, 5.01x,,,
435,"Date:  Wed, 01 Jan 2020 03:28:27 GMT6 months ago",Game #2700310, 1.03x,,,
436,"Date:  Wed, 01 Jan 2020 03:28:36 GMT6 months ago",Game #2700311, 1.76x,,,
437,"Date:  Wed, 01 Jan 2020 03:28:53 GMT6 months ago",Game #2700312, 1.65x,,,
438,"Date:  Wed, 01 Jan 2020 03:29:08 GMT6 months ago",Game #2700313, 19.12x,,,
439,"Date:  Wed, 01 Jan 2020 03:29:59 GMT6 months ago",Game #2700314, 2.97x,,,
440,"Date:  Wed, 01 Jan 2020 03:30:23 GMT6 months ago",Game #2700315, 1.66x,,,
441,"Date:  Wed, 01 Jan 2020 03:30:38 GMT6 months ago",Game #2700316, 17.46x,,,
442,"Date:  Wed, 01 Jan 2020 03:31:28 GMT6 months ago",Game #2700317, 2.64x,,,
443,"Date:  Wed, 01 Jan 2020 03:31:50 GMT6 months ago",Game #2700318, 5.97x,,,
444,"Date:  Wed, 01 Jan 2020 03:32:24 GMT6 months ago",Game #2700319, 2.3x,,,
445,"Date:  Wed, 01 Jan 2020 03:32:45 GMT6 months ago",Game #2700320, 9.98x,,,
446,"Date:  Wed, 01 Jan 2020 03:33:26 GMT6 months ago",Game #2700321, 1.13x,,,
447,"Date:  Wed, 01 Jan 2020 03:33:36 GMT6 months ago",Game #2700322, 1.1x,,,
448,"Date:  Wed, 01 Jan 2020 03:33:46 GMT6 months ago",Game #2700323, 2x,,,
449,"Date:  Wed, 01 Jan 2020 03:34:04 GMT6 months ago",Game #2700324, 1.08x,,,
450,"Date:  Wed, 01 Jan 2020 03:34:14 GMT6 months ago",Game #2700325, 1.05x,,,
451,"Date:  Wed, 01 Jan 2020 03:34:23 GMT6 months ago",Game #2700326, 1.54x,,,
452,"Date:  Wed, 01 Jan 2020 03:34:37 GMT6 months ago",Game #2700327, 3.37x,,,
453,"Date:  Wed, 01 Jan 2020 03:35:03 GMT6 months ago",Game #2700328, 1.4x,,,
454,"Date:  Wed, 01 Jan 2020 03:35:16 GMT6 months ago",Game #2700329, 1.08x,,,
455,"Date:  Wed, 01 Jan 2020 03:35:26 GMT6 months ago",Game #2700330, 10.77x,,,
456,"Date:  Wed, 01 Jan 2020 03:36:08 GMT6 months ago",Game #2700331, 8.51x,,,
457,"Date:  Wed, 01 Jan 2020 03:36:47 GMT6 months ago",Game #2700332, 8.74x,,,
458,"Date:  Wed, 01 Jan 2020 03:37:27 GMT6 months ago",Game #2700333, 1.25x,,,
459,"Date:  Wed, 01 Jan 2020 03:37:38 GMT6 months ago",Game #2700334, 1.13x,,,
460,"Date:  Wed, 01 Jan 2020 03:37:48 GMT6 months ago",Game #2700335, 1.26x,,,
461,"Date:  Wed, 01 Jan 2020 03:38:00 GMT6 months ago",Game #2700336, 1.75x,,,
462,"Date:  Wed, 01 Jan 2020 03:38:16 GMT6 months ago",Game #2700337, 1x,,,
463,"Date:  Wed, 01 Jan 2020 03:38:24 GMT6 months ago",Game #2700338, 1.03x,,,
464,"Date:  Wed, 01 Jan 2020 03:38:33 GMT6 months ago",Game #2700339, 1.46x,,,
465,"Date:  Wed, 01 Jan 2020 03:38:47 GMT6 months ago",Game #2700340, 1.84x,,,
466,"Date:  Wed, 01 Jan 2020 03:39:04 GMT6 months ago",Game #2700341, 3.44x,,,
467,"Date:  Wed, 01 Jan 2020 03:39:30 GMT6 months ago",Game #2700342, 1.63x,,,
468,"Date:  Wed, 01 Jan 2020 03:39:45 GMT6 months ago",Game #2700343, 7.72x,,,
469,"Date:  Wed, 01 Jan 2020 03:40:23 GMT6 months ago",Game #2700344, 5.7x,,,
470,NAN,NAN,NAN,,,
471,"Date:  Wed, 01 Jan 2020 03:41:17 GMT6 months ago",Game #2700346, 1.89x,,,
472,"Date:  Wed, 01 Jan 2020 03:41:35 GMT6 months ago",Game #2700347, 3.12x,,,
473,"Date:  Wed, 01 Jan 2020 03:42:00 GMT6 months ago",Game #2700348, 1.87x,,,
474,"Date:  Wed, 01 Jan 2020 03:42:17 GMT6 months ago",Game #2700349, 1.22x,,,
475,"Date:  Wed, 01 Jan 2020 03:42:28 GMT6 months ago",Game #2700350, 3.93x,,,
476,"Date:  Wed, 01 Jan 2020 03:42:56 GMT6 months ago",Game #2700351, 2.55x,,,
477,"Date:  Wed, 01 Jan 2020 03:43:18 GMT6 months ago",Game #2700352, 4.32x,,,
478,"Date:  Wed, 01 Jan 2020 03:43:47 GMT6 months ago",Game #2700353, 1.68x,,,
479,"Date:  Wed, 01 Jan 2020 03:44:03 GMT6 months ago",Game #2700354, 1.46x,,,
480,"Date:  Wed, 01 Jan 2020 03:44:17 GMT6 months ago",Game #2700355, 2.2x,,,
481,"Date:  Wed, 01 Jan 2020 03:44:36 GMT6 months ago",Game #2700356, 2.67x,,,
482,"Date:  Wed, 01 Jan 2020 03:44:59 GMT6 months ago",Game #2700357, 1.61x,,,
483,"Date:  Wed, 01 Jan 2020 03:45:14 GMT6 months ago",Game #2700358, 1.22x,,,
484,"Date:  Wed, 01 Jan 2020 03:45:25 GMT6 months ago",Game #2700359, 1.17x,,,
485,"Date:  Wed, 01 Jan 2020 03:45:36 GMT6 months ago",Game #2700360, 1.15x,,,
486,"Date:  Wed, 01 Jan 2020 03:45:46 GMT6 months ago",Game #2700361, 4.12x,,,
487,"Date:  Wed, 01 Jan 2020 03:46:15 GMT6 months ago",Game #2700362, 4.66x,,,
488,"Date:  Wed, 01 Jan 2020 03:46:45 GMT6 months ago",Game #2700363, 9.25x,,,
489,"Date:  Wed, 01 Jan 2020 03:47:25 GMT6 months ago",Game #2700364, 1.68x,,,
490,"Date:  Wed, 01 Jan 2020 03:47:41 GMT6 months ago",Game #2700365, 1.71x,,,
491,"Date:  Wed, 01 Jan 2020 03:47:57 GMT6 months ago",Game #2700366, 18.25x,,,
492,"Date:  Wed, 01 Jan 2020 03:48:47 GMT6 months ago",Game #2700367, 1.09x,,,
493,"Date:  Wed, 01 Jan 2020 03:48:57 GMT6 months ago",Game #2700368, 1.67x,,,
494,NAN,NAN,NAN,,,
495,NAN,NAN,NAN,,,
496,"Date:  Wed, 01 Jan 2020 03:49:30 GMT6 months ago",Game #2700371, 1.03x,,,
497,"Date:  Wed, 01 Jan 2020 03:49:39 GMT6 months ago",Game #2700372, 1.35x,,,
498,"Date:  Wed, 01 Jan 2020 03:49:52 GMT6 months ago",Game #2700373, 3.52x,,,
499,"Date:  Wed, 01 Jan 2020 03:50:18 GMT6 months ago",Game #2700374, 1.93x,,,
500,"Date:  Wed, 01 Jan 2020 03:50:36 GMT6 months ago",Game #2700375, 1.2x,,,
501,"Date:  Wed, 01 Jan 2020 03:50:47 GMT6 months ago",Game #2700376, 2.02x,,,
502,"Date:  Wed, 01 Jan 2020 03:51:05 GMT6 months ago",Game #2700377, 1.19x,,,
503,"Date:  Wed, 01 Jan 2020 03:51:16 GMT6 months ago",Game #2700378, 1.3x,,,
504,"Date:  Wed, 01 Jan 2020 03:51:28 GMT6 months ago",Game #2700379, 2.55x,,,
505,"Date:  Wed, 01 Jan 2020 03:51:50 GMT6 months ago",Game #2700380, 5.24x,,,
506,"Date:  Wed, 01 Jan 2020 03:52:22 GMT6 months ago",Game #2700381, 1.39x,,,
507,"Date:  Wed, 01 Jan 2020 03:52:35 GMT6 months ago",Game #2700382, 1.47x,,,
508,"Date:  Wed, 01 Jan 2020 03:52:49 GMT6 months ago",Game #2700383, 9.13x,,,
509,"Date:  Wed, 01 Jan 2020 03:53:29 GMT6 months ago",Game #2700384, 3.37x,,,
510,"Date:  Wed, 01 Jan 2020 03:53:55 GMT6 months ago",Game #2700385, 1.25x,,,
511,"Date:  Wed, 01 Jan 2020 03:54:07 GMT6 months ago",Game #2700386, 1.31x,,,
512,"Date:  Wed, 01 Jan 2020 03:54:19 GMT6 months ago",Game #2700387, 1.59x,,,
513,"Date:  Wed, 01 Jan 2020 03:54:34 GMT6 months ago",Game #2700388, 1.51x,,,
514,"Date:  Wed, 01 Jan 2020 03:54:48 GMT6 months ago",Game #2700389, 3.29x,,,
515,"Date:  Wed, 01 Jan 2020 03:55:14 GMT6 months ago",Game #2700390, 2.16x,,,
516,"Date:  Wed, 01 Jan 2020 03:55:33 GMT6 months ago",Game #2700391, 1.23x,,,
517,"Date:  Wed, 01 Jan 2020 03:55:44 GMT6 months ago",Game #2700392, 1.15x,,,
518,"Date:  Wed, 01 Jan 2020 03:55:55 GMT6 months ago",Game #2700393, 1.7x,,,
519,"Date:  Wed, 01 Jan 2020 03:56:11 GMT6 months ago",Game #2700394, 1.25x,,,
520,"Date:  Wed, 01 Jan 2020 03:56:22 GMT6 months ago",Game #2700395, 3.06x,,,
521,"Date:  Wed, 01 Jan 2020 03:56:47 GMT6 months ago",Game #2700396, 1.35x,,,
522,"Date:  Wed, 01 Jan 2020 03:56:59 GMT6 months ago",Game #2700397, 1.1x,,,
523,"Date:  Wed, 01 Jan 2020 03:57:09 GMT6 months ago",Game #2700398, 1.64x,,,
524,"Date:  Wed, 01 Jan 2020 03:57:24 GMT6 months ago",Game #2700399, 6.42x,,,
525,"Date:  Wed, 01 Jan 2020 03:57:59 GMT6 months ago",Game #2700400, 20.53x,,,
526,"Date:  Wed, 01 Jan 2020 03:58:51 GMT6 months ago",Game #2700401, 2.31x,,,
527,"Date:  Wed, 01 Jan 2020 03:59:11 GMT6 months ago",Game #2700402, 6.91x,,,
528,"Date:  Wed, 01 Jan 2020 03:59:47 GMT6 months ago",Game #2700403, 1.03x,,,
529,"Date:  Wed, 01 Jan 2020 03:59:56 GMT6 months ago",Game #2700404, 1.13x,,,
530,"Date:  Wed, 01 Jan 2020 04:00:06 GMT6 months ago",Game #2700405, 1.13x,,,
531,"Date:  Wed, 01 Jan 2020 04:00:16 GMT6 months ago",Game #2700406, 9.43x,,,
532,"Date:  Wed, 01 Jan 2020 04:00:57 GMT6 months ago",Game #2700407, 2.05x,,,
533,"Date:  Wed, 01 Jan 2020 04:01:16 GMT6 months ago",Game #2700408, 1.03x,,,
534,"Date:  Wed, 01 Jan 2020 04:01:24 GMT6 months ago",Game #2700409, 11.89x,,,
535,"Date:  Wed, 01 Jan 2020 04:02:08 GMT6 months ago",Game #2700410, 2.19x,,,
536,"Date:  Wed, 01 Jan 2020 04:02:28 GMT6 months ago",Game #2700411, 1.69x,,,
537,"Date:  Wed, 01 Jan 2020 04:02:44 GMT6 months ago",Game #2700412, 1.21x,,,
538,"Date:  Wed, 01 Jan 2020 04:02:55 GMT6 months ago",Game #2700413, 4.17x,,,
539,"Date:  Wed, 01 Jan 2020 04:03:24 GMT6 months ago",Game #2700414, 1.03x,,,
540,"Date:  Wed, 01 Jan 2020 04:03:32 GMT6 months ago",Game #2700415, 4.25x,,,
541,"Date:  Wed, 01 Jan 2020 04:04:02 GMT6 months ago",Game #2700416, 4.38x,,,
542,"Date:  Wed, 01 Jan 2020 04:04:31 GMT6 months ago",Game #2700417, 140.24x,,,
543,"Date:  Wed, 01 Jan 2020 04:05:51 GMT6 months ago",Game #2700418, 61.75x,,,
544,"Date:  Wed, 01 Jan 2020 04:06:58 GMT6 months ago",Game #2700419, 3.02x,,,
545,"Date:  Wed, 01 Jan 2020 04:07:22 GMT6 months ago",Game #2700420, 1.35x,,,
546,"Date:  Wed, 01 Jan 2020 04:07:35 GMT6 months ago",Game #2700421, 63.17x,,,
547,NAN,NAN,NAN,,,
548,"Date:  Wed, 01 Jan 2020 04:08:54 GMT6 months ago",Game #2700423, 1.06x,,,
549,"Date:  Wed, 01 Jan 2020 04:09:03 GMT6 months ago",Game #2700424, 15.43x,,,
550,"Date:  Wed, 01 Jan 2020 04:09:51 GMT6 months ago",Game #2700425, 18.21x,,,
551,"Date:  Wed, 01 Jan 2020 04:10:41 GMT6 months ago",Game #2700426, 1.17x,,,
552,"Date:  Wed, 01 Jan 2020 04:10:52 GMT6 months ago",Game #2700427, 13.78x,,,
553,"Date:  Wed, 01 Jan 2020 04:11:38 GMT6 months ago",Game #2700428, 9.48x,,,
554,"Date:  Wed, 01 Jan 2020 04:12:18 GMT6 months ago",Game #2700429, 1.19x,,,
555,NAN,NAN,NAN,,,
556,"Date:  Wed, 01 Jan 2020 04:12:49 GMT6 months ago",Game #2700431, 1.09x,,,
557,"Date:  Wed, 01 Jan 2020 04:12:59 GMT6 months ago",Game #2700432, 1.35x,,,
558,"Date:  Wed, 01 Jan 2020 04:13:11 GMT6 months ago",Game #2700433, 1.57x,,,
559,"Date:  Wed, 01 Jan 2020 04:13:26 GMT6 months ago",Game #2700434, 13.78x,,,
560,"Date:  Wed, 01 Jan 2020 04:14:12 GMT6 months ago",Game #2700435, 5.45x,,,
561,"Date:  Wed, 01 Jan 2020 04:14:45 GMT6 months ago",Game #2700436, 5.77x,,,
562,"Date:  Wed, 01 Jan 2020 04:15:19 GMT6 months ago",Game #2700437, 3.17x,,,
563,"Date:  Wed, 01 Jan 2020 04:15:44 GMT6 months ago",Game #2700438, 3.03x,,,
564,"Date:  Wed, 01 Jan 2020 04:16:08 GMT6 months ago",Game #2700439, 5.35x,,,
565,NAN,NAN,NAN,,,
566,"Date:  Wed, 01 Jan 2020 04:16:57 GMT6 months ago",Game #2700441, 1x,,,
567,"Date:  Wed, 01 Jan 2020 04:17:05 GMT6 months ago",Game #2700442, 3.83x,,,
568,"Date:  Wed, 01 Jan 2020 04:17:33 GMT6 months ago",Game #2700443, 4.39x,,,
569,"Date:  Wed, 01 Jan 2020 04:18:02 GMT6 months ago",Game #2700444, 1.17x,,,
570,"Date:  Wed, 01 Jan 2020 04:18:13 GMT6 months ago",Game #2700445, 1.04x,,,
571,"Date:  Wed, 01 Jan 2020 04:18:22 GMT6 months ago",Game #2700446, 10x,,,
572,"Date:  Wed, 01 Jan 2020 04:19:03 GMT6 months ago",Game #2700447, 1.08x,,,
573,"Date:  Wed, 01 Jan 2020 04:19:13 GMT6 months ago",Game #2700448, 8.48x,,,
574,"Date:  Wed, 01 Jan 2020 04:19:52 GMT6 months ago",Game #2700449, 3.06x,,,
575,"Date:  Wed, 01 Jan 2020 04:20:16 GMT6 months ago",Game #2700450, 4.23x,,,
576,"Date:  Wed, 01 Jan 2020 04:20:45 GMT6 months ago",Game #2700451, 1.17x,,,
577,"Date:  Wed, 01 Jan 2020 04:20:56 GMT6 months ago",Game #2700452, 1.16x,,,
578,"Date:  Wed, 01 Jan 2020 04:21:06 GMT6 months ago",Game #2700453, 97.41x,,,
579,"Date:  Wed, 01 Jan 2020 04:22:21 GMT6 months ago",Game #2700454, 1.58x,,,
580,"Date:  Wed, 01 Jan 2020 04:22:36 GMT6 months ago",Game #2700455, 2.72x,,,
581,"Date:  Wed, 01 Jan 2020 04:22:58 GMT6 months ago",Game #2700456, 1.66x,,,
582,"Date:  Wed, 01 Jan 2020 04:23:14 GMT6 months ago",Game #2700457, 1.03x,,,
583,"Date:  Wed, 01 Jan 2020 04:23:23 GMT6 months ago",Game #2700458, 6.49x,,,
584,"Date:  Wed, 01 Jan 2020 04:23:58 GMT6 months ago",Game #2700459, 2.07x,,,
585,"Date:  Wed, 01 Jan 2020 04:24:17 GMT6 months ago",Game #2700460, 1.24x,,,
586,"Date:  Wed, 01 Jan 2020 04:24:28 GMT6 months ago",Game #2700461, 1.85x,,,
587,"Date:  Wed, 01 Jan 2020 04:24:45 GMT6 months ago",Game #2700462, 1.02x,,,
588,"Date:  Wed, 01 Jan 2020 04:24:54 GMT6 months ago",Game #2700463, 1.07x,,,
589,"Date:  Wed, 01 Jan 2020 04:25:03 GMT6 months ago",Game #2700464, 1.1x,,,
590,"Date:  Wed, 01 Jan 2020 04:25:13 GMT6 months ago",Game #2700465, 1.14x,,,
591,"Date:  Wed, 01 Jan 2020 04:25:23 GMT6 months ago",Game #2700466, 1.56x,,,
592,"Date:  Wed, 01 Jan 2020 04:25:38 GMT6 months ago",Game #2700467, 1.97x,,,
593,"Date:  Wed, 01 Jan 2020 04:25:56 GMT6 months ago",Game #2700468, 35.61x,,,
594,"Date:  Wed, 01 Jan 2020 04:26:55 GMT6 months ago",Game #2700469, 3.55x,,,
595,"Date:  Wed, 01 Jan 2020 04:27:22 GMT6 months ago",Game #2700470, 1.29x,,,
596,"Date:  Wed, 01 Jan 2020 04:27:34 GMT6 months ago",Game #2700471, 5.23x,,,
597,NAN,NAN,NAN,,,
598,NAN,NAN,NAN,,,
599,"Date:  Wed, 01 Jan 2020 04:29:16 GMT6 months ago",Game #2700474, 1.56x,,,
600,"Date:  Wed, 01 Jan 2020 04:29:31 GMT6 months ago",Game #2700475, 3.25x,,,
601,"Date:  Wed, 01 Jan 2020 04:29:56 GMT6 months ago",Game #2700476, 1x,,,
602,"Date:  Wed, 01 Jan 2020 04:30:04 GMT6 months ago",Game #2700477, 2.57x,,,
603,"Date:  Wed, 01 Jan 2020 04:30:26 GMT6 months ago",Game #2700478, 3.2x,,,
604,"Date:  Wed, 01 Jan 2020 04:30:51 GMT6 months ago",Game #2700479, 2.28x,,,
605,"Date:  Wed, 01 Jan 2020 04:31:11 GMT6 months ago",Game #2700480, 1.25x,,,
606,"Date:  Wed, 01 Jan 2020 04:31:23 GMT6 months ago",Game #2700481, 1.37x,,,
607,"Date:  Wed, 01 Jan 2020 04:31:36 GMT6 months ago",Game #2700482, 2.49x,,,
608,"Date:  Wed, 01 Jan 2020 04:31:57 GMT6 months ago",Game #2700483, 2.22x,,,
609,"Date:  Wed, 01 Jan 2020 04:32:17 GMT6 months ago",Game #2700484, 2.68x,,,
610,"Date:  Wed, 01 Jan 2020 04:32:39 GMT6 months ago",Game #2700485, 2.28x,,,
611,"Date:  Wed, 01 Jan 2020 04:32:59 GMT6 months ago",Game #2700486, 3.67x,,,
612,"Date:  Wed, 01 Jan 2020 04:33:26 GMT6 months ago",Game #2700487, 111.44x,,,
613,"Date:  Wed, 01 Jan 2020 04:34:43 GMT6 months ago",Game #2700488, 6.25x,,,
614,"Date:  Wed, 01 Jan 2020 04:35:17 GMT6 months ago",Game #2700489, 10.63x,,,
615,"Date:  Wed, 01 Jan 2020 04:35:59 GMT6 months ago",Game #2700490, 1.22x,,,
616,"Date:  Wed, 01 Jan 2020 04:36:11 GMT6 months ago",Game #2700491, 1.46x,,,
617,"Date:  Wed, 01 Jan 2020 04:36:24 GMT6 months ago",Game #2700492, 1.94x,,,
618,"Date:  Wed, 01 Jan 2020 04:36:42 GMT6 months ago",Game #2700493, 8.64x,,,
619,"Date:  Wed, 01 Jan 2020 04:37:22 GMT6 months ago",Game #2700494, 5.11x,,,
620,"Date:  Wed, 01 Jan 2020 04:37:53 GMT6 months ago",Game #2700495, 1.04x,,,
621,"Date:  Wed, 01 Jan 2020 04:38:02 GMT6 months ago",Game #2700496, 15.79x,,,
622,"Date:  Wed, 01 Jan 2020 04:38:50 GMT6 months ago",Game #2700497, 64.25x,,,
623,NAN,NAN,NAN,,,
624,"Date:  Wed, 01 Jan 2020 04:40:17 GMT6 months ago",Game #2700499, 9.79x,,,
625,"Date:  Wed, 01 Jan 2020 04:40:59 GMT6 months ago",Game #2700500, 1.27x,,,
626,"Date:  Wed, 01 Jan 2020 04:41:10 GMT6 months ago",Game #2700501, 1.15x,,,
627,"Date:  Wed, 01 Jan 2020 04:41:21 GMT6 months ago",Game #2700502, 4.85x,,,
628,"Date:  Wed, 01 Jan 2020 04:41:52 GMT6 months ago",Game #2700503, 1.03x,,,
629,"Date:  Wed, 01 Jan 2020 04:42:00 GMT6 months ago",Game #2700504, 8.46x,,,
630,"Date:  Wed, 01 Jan 2020 04:42:40 GMT6 months ago",Game #2700505, 103.82x,,,
631,"Date:  Wed, 01 Jan 2020 04:43:55 GMT6 months ago",Game #2700506, 6.2x,,,
632,"Date:  Wed, 01 Jan 2020 04:44:29 GMT6 months ago",Game #2700507, 1.08x,,,
633,"Date:  Wed, 01 Jan 2020 04:44:39 GMT6 months ago",Game #2700508, 1.09x,,,
634,"Date:  Wed, 01 Jan 2020 04:44:48 GMT6 months ago",Game #2700509, 1.07x,,,
635,"Date:  Wed, 01 Jan 2020 04:44:58 GMT6 months ago",Game #2700510, 62.96x,,,
636,"Date:  Wed, 01 Jan 2020 04:46:06 GMT6 months ago",Game #2700511, 4.67x,,,
637,"Date:  Wed, 01 Jan 2020 04:46:36 GMT6 months ago",Game #2700512, 1.33x,,,
638,"Date:  Wed, 01 Jan 2020 04:46:49 GMT6 months ago",Game #2700513, 6.41x,,,
639,"Date:  Wed, 01 Jan 2020 04:47:24 GMT6 months ago",Game #2700514, 1.77x,,,
640,"Date:  Wed, 01 Jan 2020 04:47:40 GMT6 months ago",Game #2700515, 2.22x,,,
641,"Date:  Wed, 01 Jan 2020 04:48:00 GMT6 months ago",Game #2700516, 1.38x,,,
642,"Date:  Wed, 01 Jan 2020 04:48:13 GMT6 months ago",Game #2700517, 1.24x,,,
643,"Date:  Wed, 01 Jan 2020 04:48:24 GMT6 months ago",Game #2700518, 20.66x,,,
644,"Date:  Wed, 01 Jan 2020 04:49:16 GMT6 months ago",Game #2700519, 1.34x,,,
645,"Date:  Wed, 01 Jan 2020 04:49:29 GMT6 months ago",Game #2700520, 2.61x,,,
646,"Date:  Wed, 01 Jan 2020 04:49:51 GMT6 months ago",Game #2700521, 3.29x,,,
647,"Date:  Wed, 01 Jan 2020 04:50:16 GMT6 months ago",Game #2700522, 3.64x,,,
648,"Date:  Wed, 01 Jan 2020 04:50:43 GMT6 months ago",Game #2700523, 1.47x,,,
649,"Date:  Wed, 01 Jan 2020 04:50:57 GMT6 months ago",Game #2700524, 1.74x,,,
650,"Date:  Wed, 01 Jan 2020 04:51:13 GMT6 months ago",Game #2700525, 1.51x,,,
651,"Date:  Wed, 01 Jan 2020 04:51:27 GMT6 months ago",Game #2700526, 1.41x,,,
652,"Date:  Wed, 01 Jan 2020 04:51:41 GMT6 months ago",Game #2700527, 1.05x,,,
653,NAN,NAN,NAN,,,
654,NAN,NAN,NAN,,,
655,NAN,NAN,NAN,,,
656,"Date:  Wed, 01 Jan 2020 04:53:20 GMT6 months ago",Game #2700531, 359.63x,,,
657,"Date:  Wed, 01 Jan 2020 04:54:53 GMT6 months ago",Game #2700532, 1.62x,,,
658,"Date:  Wed, 01 Jan 2020 04:55:09 GMT6 months ago",Game #2700533, 1.94x,,,
659,"Date:  Wed, 01 Jan 2020 04:55:26 GMT6 months ago",Game #2700534, 1.06x,,,
660,"Date:  Wed, 01 Jan 2020 04:55:35 GMT6 months ago",Game #2700535, 1.04x,,,
661,"Date:  Wed, 01 Jan 2020 04:55:44 GMT6 months ago",Game #2700536, 1.22x,,,
662,"Date:  Wed, 01 Jan 2020 04:55:56 GMT6 months ago",Game #2700537, 1.16x,,,
663,"Date:  Wed, 01 Jan 2020 04:56:06 GMT6 months ago",Game #2700538, 1.82x,,,
664,"Date:  Wed, 01 Jan 2020 04:56:23 GMT6 months ago",Game #2700539, 2.39x,,,
665,"Date:  Wed, 01 Jan 2020 04:56:44 GMT6 months ago",Game #2700540, 1.39x,,,
666,"Date:  Wed, 01 Jan 2020 04:56:57 GMT6 months ago",Game #2700541, 1.7x,,,
667,"Date:  Wed, 01 Jan 2020 04:57:13 GMT6 months ago",Game #2700542, 1.14x,,,
668,"Date:  Wed, 01 Jan 2020 04:57:23 GMT6 months ago",Game #2700543, 7.42x,,,
669,"Date:  Wed, 01 Jan 2020 04:58:00 GMT6 months ago",Game #2700544, 48.34x,,,
670,"Date:  Wed, 01 Jan 2020 04:59:04 GMT6 months ago",Game #2700545, 1.89x,,,
671,"Date:  Wed, 01 Jan 2020 04:59:22 GMT6 months ago",Game #2700546, 1.1x,,,
672,"Date:  Wed, 01 Jan 2020 04:59:31 GMT6 months ago",Game #2700547, 36.2x,,,
673,"Date:  Wed, 01 Jan 2020 05:00:31 GMT6 months ago",Game #2700548, 1.19x,,,
674,"Date:  Wed, 01 Jan 2020 05:00:42 GMT6 months ago",Game #2700549, 2.37x,,,
675,"Date:  Wed, 01 Jan 2020 05:01:03 GMT6 months ago",Game #2700550, 1.41x,,,
676,"Date:  Wed, 01 Jan 2020 05:01:16 GMT6 months ago",Game #2700551, 1.69x,,,
677,"Date:  Wed, 01 Jan 2020 05:01:32 GMT6 months ago",Game #2700552, 1.38x,,,
678,"Date:  Wed, 01 Jan 2020 05:01:45 GMT6 months ago",Game #2700553, 2.19x,,,
679,"Date:  Wed, 01 Jan 2020 05:02:04 GMT6 months ago",Game #2700554, 1.13x,,,
680,"Date:  Wed, 01 Jan 2020 05:02:14 GMT6 months ago",Game #2700555, 49.06x,,,
681,NAN,NAN,NAN,,,
682,"Date:  Wed, 01 Jan 2020 05:04:01 GMT6 months ago",Game #2700557, 2.16x,,,
683,"Date:  Wed, 01 Jan 2020 05:04:21 GMT6 months ago",Game #2700558, 45.34x,,,
684,"Date:  Wed, 01 Jan 2020 05:05:24 GMT6 months ago",Game #2700559, 1.08x,,,
685,"Date:  Wed, 01 Jan 2020 05:05:33 GMT6 months ago",Game #2700560, 1.7x,,,
686,"Date:  Wed, 01 Jan 2020 05:05:49 GMT6 months ago",Game #2700561, 3.2x,,,
687,"Date:  Wed, 01 Jan 2020 05:06:14 GMT6 months ago",Game #2700562, 6.31x,,,
688,"Date:  Wed, 01 Jan 2020 05:06:49 GMT6 months ago",Game #2700563, 1.14x,,,
689,"Date:  Wed, 01 Jan 2020 05:06:59 GMT6 months ago",Game #2700564, 2.15x,,,
690,"Date:  Wed, 01 Jan 2020 05:07:18 GMT6 months ago",Game #2700565, 18.13x,,,
691,"Date:  Wed, 01 Jan 2020 05:08:08 GMT6 months ago",Game #2700566, 1.15x,,,
692,"Date:  Wed, 01 Jan 2020 05:08:19 GMT6 months ago",Game #2700567, 239.56x,,,
693,"Date:  Wed, 01 Jan 2020 05:09:46 GMT6 months ago",Game #2700568, 1.24x,,,
694,"Date:  Wed, 01 Jan 2020 05:09:57 GMT6 months ago",Game #2700569, 4.1x,,,
695,"Date:  Wed, 01 Jan 2020 05:10:26 GMT6 months ago",Game #2700570, 20.06x,,,
696,"Date:  Wed, 01 Jan 2020 05:11:17 GMT6 months ago",Game #2700571, 1.86x,,,
697,"Date:  Wed, 01 Jan 2020 05:11:35 GMT6 months ago",Game #2700572, 1.72x,,,
698,"Date:  Wed, 01 Jan 2020 05:11:51 GMT6 months ago",Game #2700573, 2.54x,,,
699,"Date:  Wed, 01 Jan 2020 05:12:12 GMT6 months ago",Game #2700574, 1.69x,,,
700,"Date:  Wed, 01 Jan 2020 05:12:28 GMT6 months ago",Game #2700575, 4.95x,,,
701,"Date:  Wed, 01 Jan 2020 05:12:59 GMT6 months ago",Game #2700576, 9.5x,,,
702,"Date:  Wed, 01 Jan 2020 05:13:40 GMT6 months ago",Game #2700577, 1.92x,,,
703,"Date:  Wed, 01 Jan 2020 05:13:58 GMT6 months ago",Game #2700578, 1.51x,,,
704,"Date:  Wed, 01 Jan 2020 05:14:12 GMT6 months ago",Game #2700579, 3.2x,,,
705,"Date:  Wed, 01 Jan 2020 05:14:37 GMT6 months ago",Game #2700580, 19.53x,,,
706,NAN,NAN,NAN,,,
707,"Date:  Wed, 01 Jan 2020 05:15:57 GMT6 months ago",Game #2700582, 1.19x,,,
708,"Date:  Wed, 01 Jan 2020 05:16:07 GMT6 months ago",Game #2700583, 3.3x,,,
709,"Date:  Wed, 01 Jan 2020 05:16:33 GMT6 months ago",Game #2700584, 1.14x,,,
710,"Date:  Wed, 01 Jan 2020 05:16:43 GMT6 months ago",Game #2700585, 1.28x,,,
711,"Date:  Wed, 01 Jan 2020 05:16:55 GMT6 months ago",Game #2700586, 8.36x,,,
712,"Date:  Wed, 01 Jan 2020 05:17:34 GMT6 months ago",Game #2700587, 2.32x,,,
713,"Date:  Wed, 01 Jan 2020 05:17:54 GMT6 months ago",Game #2700588, 2.95x,,,
714,"Date:  Wed, 01 Jan 2020 05:18:18 GMT6 months ago",Game #2700589, 1.35x,,,
715,"Date:  Wed, 01 Jan 2020 05:18:31 GMT6 months ago",Game #2700590, 1.84x,,,
716,"Date:  Wed, 01 Jan 2020 05:18:48 GMT6 months ago",Game #2700591, 1.58x,,,
717,"Date:  Wed, 01 Jan 2020 05:19:03 GMT6 months ago",Game #2700592, 1.01x,,,
718,"Date:  Wed, 01 Jan 2020 05:19:11 GMT6 months ago",Game #2700593, 5.37x,,,
719,"Date:  Wed, 01 Jan 2020 05:19:44 GMT6 months ago",Game #2700594, 1.21x,,,
720,"Date:  Wed, 01 Jan 2020 05:19:55 GMT6 months ago",Game #2700595, 2.3x,,,
721,"Date:  Wed, 01 Jan 2020 05:20:15 GMT6 months ago",Game #2700596, 3.99x,,,
722,"Date:  Wed, 01 Jan 2020 05:20:43 GMT6 months ago",Game #2700597, 1.29x,,,
723,"Date:  Wed, 01 Jan 2020 05:20:55 GMT6 months ago",Game #2700598, 1.31x,,,
724,"Date:  Wed, 01 Jan 2020 05:21:07 GMT6 months ago",Game #2700599, 2.93x,,,
725,"Date:  Wed, 01 Jan 2020 05:21:31 GMT6 months ago",Game #2700600, 1.25x,,,
726,"Date:  Wed, 01 Jan 2020 05:21:43 GMT6 months ago",Game #2700601, 3.28x,,,
727,"Date:  Wed, 01 Jan 2020 05:22:08 GMT6 months ago",Game #2700602, 8.22x,,,
728,"Date:  Wed, 01 Jan 2020 05:22:47 GMT6 months ago",Game #2700603, 1.63x,,,
729,"Date:  Wed, 01 Jan 2020 05:23:02 GMT6 months ago",Game #2700604, 1.15x,,,
730,"Date:  Wed, 01 Jan 2020 05:23:12 GMT6 months ago",Game #2700605, 2.09x,,,
731,"Date:  Wed, 01 Jan 2020 05:23:31 GMT6 months ago",Game #2700606, 1.07x,,,
732,"Date:  Wed, 01 Jan 2020 05:23:41 GMT6 months ago",Game #2700607, 4.71x,,,
733,"Date:  Wed, 01 Jan 2020 05:24:11 GMT6 months ago",Game #2700608, 2.05x,,,
734,"Date:  Wed, 01 Jan 2020 05:24:30 GMT6 months ago",Game #2700609, 1.03x,,,
735,"Date:  Wed, 01 Jan 2020 05:24:39 GMT6 months ago",Game #2700610, 3.06x,,,
736,"Date:  Wed, 01 Jan 2020 05:25:03 GMT6 months ago",Game #2700611, 2.75x,,,
737,"Date:  Wed, 01 Jan 2020 05:25:26 GMT6 months ago",Game #2700612, 1.19x,,,
738,"Date:  Wed, 01 Jan 2020 05:25:37 GMT6 months ago",Game #2700613, 3.05x,,,
739,"Date:  Wed, 01 Jan 2020 05:26:01 GMT6 months ago",Game #2700614, 3.02x,,,
740,"Date:  Wed, 01 Jan 2020 05:26:25 GMT6 months ago",Game #2700615, 1.44x,,,
741,"Date:  Wed, 01 Jan 2020 05:26:39 GMT6 months ago",Game #2700616, 1.07x,,,
742,"Date:  Wed, 01 Jan 2020 05:26:48 GMT6 months ago",Game #2700617, 3.92x,,,
743,"Date:  Wed, 01 Jan 2020 05:27:16 GMT6 months ago",Game #2700618, 9.43x,,,
744,"Date:  Wed, 01 Jan 2020 05:27:57 GMT6 months ago",Game #2700619, 1.64x,,,
745,"Date:  Wed, 01 Jan 2020 05:28:12 GMT6 months ago",Game #2700620, 1.13x,,,
746,"Date:  Wed, 01 Jan 2020 05:28:22 GMT6 months ago",Game #2700621, 1.22x,,,
747,"Date:  Wed, 01 Jan 2020 05:28:33 GMT6 months ago",Game #2700622, 4.08x,,,
748,"Date:  Wed, 01 Jan 2020 05:29:02 GMT6 months ago",Game #2700623, 2.96x,,,
749,"Date:  Wed, 01 Jan 2020 05:29:26 GMT6 months ago",Game #2700624, 20.4x,,,
750,"Date:  Wed, 01 Jan 2020 05:30:17 GMT6 months ago",Game #2700625, 1.86x,,,
751,"Date:  Wed, 01 Jan 2020 05:30:35 GMT6 months ago",Game #2700626, 6.53x,,,
752,"Date:  Wed, 01 Jan 2020 05:31:10 GMT6 months ago",Game #2700627, 5.19x,,,
753,"Date:  Wed, 01 Jan 2020 05:31:42 GMT6 months ago",Game #2700628, 5.22x,,,
754,"Date:  Wed, 01 Jan 2020 05:32:14 GMT6 months ago",Game #2700629, 1.78x,,,
755,"Date:  Wed, 01 Jan 2020 05:32:31 GMT6 months ago",Game #2700630, 1.19x,,,
756,"Date:  Wed, 01 Jan 2020 05:32:41 GMT6 months ago",Game #2700631, 3.78x,,,
757,"Date:  Wed, 01 Jan 2020 05:33:09 GMT6 months ago",Game #2700632, 2.08x,,,
758,"Date:  Wed, 01 Jan 2020 05:33:28 GMT6 months ago",Game #2700633, 2.08x,,,
759,"Date:  Wed, 01 Jan 2020 05:33:46 GMT6 months ago",Game #2700634, 1.14x,,,
760,"Date:  Wed, 01 Jan 2020 05:33:57 GMT6 months ago",Game #2700635, 5.39x,,,
761,NAN,NAN,NAN,,,
762,"Date:  Wed, 01 Jan 2020 05:34:45 GMT6 months ago",Game #2700637, 15.6x,,,
763,"Date:  Wed, 01 Jan 2020 05:35:33 GMT6 months ago",Game #2700638, 1.53x,,,
764,"Date:  Wed, 01 Jan 2020 05:35:47 GMT6 months ago",Game #2700639, 5x,,,
765,"Date:  Wed, 01 Jan 2020 05:36:18 GMT6 months ago",Game #2700640, 9.28x,,,
766,"Date:  Wed, 01 Jan 2020 05:36:59 GMT6 months ago",Game #2700641, 1.24x,,,
767,"Date:  Wed, 01 Jan 2020 05:37:10 GMT6 months ago",Game #2700642, 6.25x,,,
768,"Date:  Wed, 01 Jan 2020 05:37:45 GMT6 months ago",Game #2700643, 1.43x,,,
769,"Date:  Wed, 01 Jan 2020 05:37:58 GMT6 months ago",Game #2700644, 2.85x,,,
770,"Date:  Wed, 01 Jan 2020 05:38:22 GMT6 months ago",Game #2700645, 1.07x,,,
771,"Date:  Wed, 01 Jan 2020 05:38:31 GMT6 months ago",Game #2700646, 5.76x,,,
772,"Date:  Wed, 01 Jan 2020 05:39:05 GMT6 months ago",Game #2700647, 3.78x,,,
773,"Date:  Wed, 01 Jan 2020 05:39:32 GMT6 months ago",Game #2700648, 2.4x,,,
774,"Date:  Wed, 01 Jan 2020 05:39:53 GMT6 months ago",Game #2700649, 1.6x,,,
775,"Date:  Wed, 01 Jan 2020 05:40:08 GMT6 months ago",Game #2700650, 2.22x,,,
776,"Date:  Wed, 01 Jan 2020 05:40:28 GMT6 months ago",Game #2700651, 14.86x,,,
777,"Date:  Wed, 01 Jan 2020 05:41:15 GMT6 months ago",Game #2700652, 2.35x,,,
778,"Date:  Wed, 01 Jan 2020 05:41:35 GMT6 months ago",Game #2700653, 3.57x,,,
779,"Date:  Wed, 01 Jan 2020 05:42:02 GMT6 months ago",Game #2700654, 1x,,,
780,"Date:  Wed, 01 Jan 2020 05:42:10 GMT6 months ago",Game #2700655, 2.47x,,,
781,"Date:  Wed, 01 Jan 2020 05:42:31 GMT6 months ago",Game #2700656, 1.82x,,,
782,"Date:  Wed, 01 Jan 2020 05:42:48 GMT6 months ago",Game #2700657, 5.18x,,,
783,"Date:  Wed, 01 Jan 2020 05:43:20 GMT6 months ago",Game #2700658, 1.98x,,,
784,"Date:  Wed, 01 Jan 2020 05:43:39 GMT6 months ago",Game #2700659, 16.16x,,,
785,"Date:  Wed, 01 Jan 2020 05:44:27 GMT6 months ago",Game #2700660, 1.32x,,,
786,"Date:  Wed, 01 Jan 2020 05:44:39 GMT6 months ago",Game #2700661, 2.22x,,,
787,"Date:  Wed, 01 Jan 2020 05:44:59 GMT6 months ago",Game #2700662, 44.14x,,,
788,"Date:  Wed, 01 Jan 2020 05:46:02 GMT6 months ago",Game #2700663, 1.05x,,,
789,"Date:  Wed, 01 Jan 2020 05:46:11 GMT6 months ago",Game #2700664, 1.21x,,,
790,"Date:  Wed, 01 Jan 2020 05:46:22 GMT6 months ago",Game #2700665, 1.09x,,,
791,"Date:  Wed, 01 Jan 2020 05:46:31 GMT6 months ago",Game #2700666, 1.49x,,,
792,"Date:  Wed, 01 Jan 2020 05:46:45 GMT6 months ago",Game #2700667, 1.15x,,,
793,"Date:  Wed, 01 Jan 2020 05:46:55 GMT6 months ago",Game #2700668, 9.68x,,,
794,"Date:  Wed, 01 Jan 2020 05:47:36 GMT6 months ago",Game #2700669, 2.7x,,,
795,"Date:  Wed, 01 Jan 2020 05:47:59 GMT6 months ago",Game #2700670, 4.96x,,,
796,"Date:  Wed, 01 Jan 2020 05:48:30 GMT6 months ago",Game #2700671, 1.48x,,,
797,"Date:  Wed, 01 Jan 2020 05:48:44 GMT6 months ago",Game #2700672, 3.47x,,,
798,"Date:  Wed, 01 Jan 2020 05:49:11 GMT6 months ago",Game #2700673, 4.4x,,,
799,"Date:  Wed, 01 Jan 2020 05:49:40 GMT6 months ago",Game #2700674, 2.22x,,,
800,"Date:  Wed, 01 Jan 2020 05:50:00 GMT6 months ago",Game #2700675, 109.23x,,,
801,"Date:  Wed, 01 Jan 2020 05:51:16 GMT6 months ago",Game #2700676, 15.08x,,,
802,"Date:  Wed, 01 Jan 2020 05:52:03 GMT6 months ago",Game #2700677, 22.88x,,,
803,"Date:  Wed, 01 Jan 2020 05:52:56 GMT6 months ago",Game #2700678, 1.16x,,,
804,"Date:  Wed, 01 Jan 2020 05:53:07 GMT6 months ago",Game #2700679, 1.02x,,,
805,"Date:  Wed, 01 Jan 2020 05:53:16 GMT6 months ago",Game #2700680, 2.28x,,,
806,"Date:  Wed, 01 Jan 2020 05:53:36 GMT6 months ago",Game #2700681, 3.26x,,,
807,"Date:  Wed, 01 Jan 2020 05:54:01 GMT6 months ago",Game #2700682, 2.33x,,,
808,"Date:  Wed, 01 Jan 2020 05:54:21 GMT6 months ago",Game #2700683, 3.54x,,,
809,"Date:  Wed, 01 Jan 2020 05:54:48 GMT6 months ago",Game #2700684, 113.94x,,,
810,"Date:  Wed, 01 Jan 2020 05:56:04 GMT6 months ago",Game #2700685, 1x,,,
811,"Date:  Wed, 01 Jan 2020 05:56:13 GMT6 months ago",Game #2700686, 2x,,,
812,"Date:  Wed, 01 Jan 2020 05:56:31 GMT6 months ago",Game #2700687, 1.63x,,,
813,"Date:  Wed, 01 Jan 2020 05:56:46 GMT6 months ago",Game #2700688, 1x,,,
814,"Date:  Wed, 01 Jan 2020 05:56:55 GMT6 months ago",Game #2700689, 2.79x,,,
815,"Date:  Wed, 01 Jan 2020 05:57:18 GMT6 months ago",Game #2700690, 1.83x,,,
816,"Date:  Wed, 01 Jan 2020 05:57:35 GMT6 months ago",Game #2700691, 1.14x,,,
817,"Date:  Wed, 01 Jan 2020 05:57:45 GMT6 months ago",Game #2700692, 101.55x,,,
818,"Date:  Wed, 01 Jan 2020 05:59:00 GMT6 months ago",Game #2700693, 1.16x,,,
819,"Date:  Wed, 01 Jan 2020 05:59:10 GMT6 months ago",Game #2700694, 1.95x,,,
820,"Date:  Wed, 01 Jan 2020 05:59:28 GMT6 months ago",Game #2700695, 1.35x,,,
821,"Date:  Wed, 01 Jan 2020 05:59:41 GMT6 months ago",Game #2700696, 3.66x,,,
822,"Date:  Wed, 01 Jan 2020 06:00:08 GMT6 months ago",Game #2700697, 1.25x,,,
823,"Date:  Wed, 01 Jan 2020 06:00:19 GMT6 months ago",Game #2700698, 84.13x,,,
824,"Date:  Wed, 01 Jan 2020 06:01:31 GMT6 months ago",Game #2700699, 1.02x,,,
825,"Date:  Wed, 01 Jan 2020 06:01:40 GMT6 months ago",Game #2700700, 1.17x,,,
826,"Date:  Wed, 01 Jan 2020 06:01:51 GMT6 months ago",Game #2700701, 1.12x,,,
827,"Date:  Wed, 01 Jan 2020 06:02:01 GMT6 months ago",Game #2700702, 1.78x,,,
828,"Date:  Wed, 01 Jan 2020 06:02:17 GMT6 months ago",Game #2700703, 1.66x,,,
829,"Date:  Wed, 01 Jan 2020 06:02:33 GMT6 months ago",Game #2700704, 1.57x,,,
830,"Date:  Wed, 01 Jan 2020 06:02:48 GMT6 months ago",Game #2700705, 1.13x,,,
831,"Date:  Wed, 01 Jan 2020 06:02:58 GMT6 months ago",Game #2700706, 17.29x,,,
832,"Date:  Wed, 01 Jan 2020 06:03:47 GMT6 months ago",Game #2700707, 4.78x,,,
833,"Date:  Wed, 01 Jan 2020 06:04:18 GMT6 months ago",Game #2700708, 2.11x,,,
834,NAN,NAN,NAN,,,
835,"Date:  Wed, 01 Jan 2020 06:04:48 GMT6 months ago",Game #2700710, 4.2x,,,
836,"Date:  Wed, 01 Jan 2020 06:05:17 GMT6 months ago",Game #2700711, 10.86x,,,
837,NAN,NAN,NAN,,,
838,"Date:  Wed, 01 Jan 2020 06:06:11 GMT6 months ago",Game #2700713, 3.29x,,,
839,"Date:  Wed, 01 Jan 2020 06:06:36 GMT6 months ago",Game #2700714, 27.29x,,,
840,"Date:  Wed, 01 Jan 2020 06:07:32 GMT6 months ago",Game #2700715, 2.28x,,,
841,"Date:  Wed, 01 Jan 2020 06:07:52 GMT6 months ago",Game #2700716, 13.24x,,,
842,"Date:  Wed, 01 Jan 2020 06:08:38 GMT6 months ago",Game #2700717, 2.43x,,,
843,"Date:  Wed, 01 Jan 2020 06:08:59 GMT6 months ago",Game #2700718, 1.86x,,,
844,"Date:  Wed, 01 Jan 2020 06:09:16 GMT6 months ago",Game #2700719, 1.87x,,,
845,"Date:  Wed, 01 Jan 2020 06:09:33 GMT6 months ago",Game #2700720, 1x,,,
846,"Date:  Wed, 01 Jan 2020 06:09:42 GMT6 months ago",Game #2700721, 1.42x,,,
847,"Date:  Wed, 01 Jan 2020 06:09:55 GMT6 months ago",Game #2700722, 76.19x,,,
848,"Date:  Wed, 01 Jan 2020 06:11:06 GMT6 months ago",Game #2700723, 1.51x,,,
849,"Date:  Wed, 01 Jan 2020 06:11:20 GMT6 months ago",Game #2700724, 1.25x,,,
850,"Date:  Wed, 01 Jan 2020 06:11:31 GMT6 months ago",Game #2700725, 1.2x,,,
851,"Date:  Wed, 01 Jan 2020 06:11:42 GMT6 months ago",Game #2700726, 1.5x,,,
852,"Date:  Wed, 01 Jan 2020 06:11:56 GMT6 months ago",Game #2700727, 25.53x,,,
853,"Date:  Wed, 01 Jan 2020 06:12:51 GMT6 months ago",Game #2700728, 1.58x,,,
854,"Date:  Wed, 01 Jan 2020 06:13:06 GMT6 months ago",Game #2700729, 1.66x,,,
855,"Date:  Wed, 01 Jan 2020 06:13:21 GMT6 months ago",Game #2700730, 10.34x,,,
856,"Date:  Wed, 01 Jan 2020 06:14:03 GMT6 months ago",Game #2700731, 1.09x,,,
857,"Date:  Wed, 01 Jan 2020 06:14:13 GMT6 months ago",Game #2700732, 1.93x,,,
858,"Date:  Wed, 01 Jan 2020 06:14:31 GMT6 months ago",Game #2700733, 2.17x,,,
859,"Date:  Wed, 01 Jan 2020 06:14:50 GMT6 months ago",Game #2700734, 1.16x,,,
860,"Date:  Wed, 01 Jan 2020 06:15:00 GMT6 months ago",Game #2700735, 1.96x,,,
861,"Date:  Wed, 01 Jan 2020 06:15:18 GMT6 months ago",Game #2700736, 1.32x,,,
862,"Date:  Wed, 01 Jan 2020 06:15:31 GMT6 months ago",Game #2700737, 1.5x,,,
863,"Date:  Wed, 01 Jan 2020 06:15:45 GMT6 months ago",Game #2700738, 1.07x,,,
864,"Date:  Wed, 01 Jan 2020 06:15:54 GMT6 months ago",Game #2700739, 1.37x,,,
865,"Date:  Wed, 01 Jan 2020 06:16:07 GMT6 months ago",Game #2700740, 1.17x,,,
866,"Date:  Wed, 01 Jan 2020 06:16:17 GMT6 months ago",Game #2700741, 1.51x,,,
867,"Date:  Wed, 01 Jan 2020 06:16:32 GMT6 months ago",Game #2700742, 3.96x,,,
868,"Date:  Wed, 01 Jan 2020 06:17:00 GMT6 months ago",Game #2700743, 3.65x,,,
869,"Date:  Wed, 01 Jan 2020 06:17:26 GMT6 months ago",Game #2700744, 4.66x,,,
870,"Date:  Wed, 01 Jan 2020 06:17:57 GMT6 months ago",Game #2700745, 4.57x,,,
871,"Date:  Wed, 01 Jan 2020 06:18:27 GMT6 months ago",Game #2700746, 22.2x,,,
872,"Date:  Wed, 01 Jan 2020 06:19:20 GMT6 months ago",Game #2700747, 2.05x,,,
873,"Date:  Wed, 01 Jan 2020 06:19:38 GMT6 months ago",Game #2700748, 1.33x,,,
874,"Date:  Wed, 01 Jan 2020 06:19:51 GMT6 months ago",Game #2700749, 2.04x,,,
875,"Date:  Wed, 01 Jan 2020 06:20:09 GMT6 months ago",Game #2700750, 1.32x,,,
876,"Date:  Wed, 01 Jan 2020 06:20:22 GMT6 months ago",Game #2700751, 1.09x,,,
877,"Date:  Wed, 01 Jan 2020 06:20:31 GMT6 months ago",Game #2700752, 1.5x,,,
878,"Date:  Wed, 01 Jan 2020 06:20:46 GMT6 months ago",Game #2700753, 6.26x,,,
879,"Date:  Wed, 01 Jan 2020 06:21:20 GMT6 months ago",Game #2700754, 1.48x,,,
880,"Date:  Wed, 01 Jan 2020 06:21:34 GMT6 months ago",Game #2700755, 1.07x,,,
881,"Date:  Wed, 01 Jan 2020 06:21:43 GMT6 months ago",Game #2700756, 1.38x,,,
882,"Date:  Wed, 01 Jan 2020 06:21:56 GMT6 months ago",Game #2700757, 2.38x,,,
883,"Date:  Wed, 01 Jan 2020 06:22:17 GMT6 months ago",Game #2700758, 1.64x,,,
884,"Date:  Wed, 01 Jan 2020 06:22:33 GMT6 months ago",Game #2700759, 1.99x,,,
885,"Date:  Wed, 01 Jan 2020 06:22:51 GMT6 months ago",Game #2700760, 26.31x,,,
886,"Date:  Wed, 01 Jan 2020 06:23:46 GMT6 months ago",Game #2700761, 2.51x,,,
887,"Date:  Wed, 01 Jan 2020 06:24:08 GMT6 months ago",Game #2700762, 1.32x,,,
888,"Date:  Wed, 01 Jan 2020 06:24:20 GMT6 months ago",Game #2700763, 166.58x,,,
889,"Date:  Wed, 01 Jan 2020 06:25:42 GMT6 months ago",Game #2700764, 54.9x,,,
890,"Date:  Wed, 01 Jan 2020 06:26:48 GMT6 months ago",Game #2700765, 1.06x,,,
891,"Date:  Wed, 01 Jan 2020 06:26:57 GMT6 months ago",Game #2700766, 1.27x,,,
892,"Date:  Wed, 01 Jan 2020 06:27:09 GMT6 months ago",Game #2700767, 1.05x,,,
893,"Date:  Wed, 01 Jan 2020 06:27:18 GMT6 months ago",Game #2700768, 8.17x,,,
894,"Date:  Wed, 01 Jan 2020 06:27:57 GMT6 months ago",Game #2700769, 3.1x,,,
895,"Date:  Wed, 01 Jan 2020 06:28:21 GMT6 months ago",Game #2700770, 1.14x,,,
896,"Date:  Wed, 01 Jan 2020 06:28:32 GMT6 months ago",Game #2700771, 7.68x,,,
897,"Date:  Wed, 01 Jan 2020 06:29:09 GMT6 months ago",Game #2700772, 2.04x,,,
898,"Date:  Wed, 01 Jan 2020 06:29:28 GMT6 months ago",Game #2700773, 1.31x,,,
899,"Date:  Wed, 01 Jan 2020 06:29:40 GMT6 months ago",Game #2700774, 1.6x,,,
900,"Date:  Wed, 01 Jan 2020 06:29:55 GMT6 months ago",Game #2700775, 1.31x,,,
901,"Date:  Wed, 01 Jan 2020 06:30:07 GMT6 months ago",Game #2700776, 1.62x,,,
902,"Date:  Wed, 01 Jan 2020 06:30:23 GMT6 months ago",Game #2700777, 3.54x,,,
903,"Date:  Wed, 01 Jan 2020 06:30:49 GMT6 months ago",Game #2700778, 1.68x,,,
904,"Date:  Wed, 01 Jan 2020 06:31:05 GMT6 months ago",Game #2700779, 1.93x,,,
905,"Date:  Wed, 01 Jan 2020 06:31:22 GMT6 months ago",Game #2700780, 1.51x,,,
906,"Date:  Wed, 01 Jan 2020 06:31:37 GMT6 months ago",Game #2700781, 3.05x,,,
907,"Date:  Wed, 01 Jan 2020 06:32:01 GMT6 months ago",Game #2700782, 1.9x,,,
908,"Date:  Wed, 01 Jan 2020 06:32:18 GMT6 months ago",Game #2700783, 1.44x,,,
909,"Date:  Wed, 01 Jan 2020 06:32:32 GMT6 months ago",Game #2700784, 1.03x,,,
910,"Date:  Wed, 01 Jan 2020 06:32:41 GMT6 months ago",Game #2700785, 1.27x,,,
911,"Date:  Wed, 01 Jan 2020 06:32:52 GMT6 months ago",Game #2700786, 1.39x,,,
912,"Date:  Wed, 01 Jan 2020 06:33:05 GMT6 months ago",Game #2700787, 1.72x,,,
913,"Date:  Wed, 01 Jan 2020 06:33:22 GMT6 months ago",Game #2700788, 2.1x,,,
914,"Date:  Wed, 01 Jan 2020 06:33:41 GMT6 months ago",Game #2700789, 5.56x,,,
915,"Date:  Wed, 01 Jan 2020 06:34:13 GMT6 months ago",Game #2700790, 5.01x,,,
916,"Date:  Wed, 01 Jan 2020 06:34:45 GMT6 months ago",Game #2700791, 1.25x,,,
917,"Date:  Wed, 01 Jan 2020 06:34:56 GMT6 months ago",Game #2700792, 1.4x,,,
918,"Date:  Wed, 01 Jan 2020 06:35:10 GMT6 months ago",Game #2700793, 3.05x,,,
919,"Date:  Wed, 01 Jan 2020 06:35:34 GMT6 months ago",Game #2700794, 1.84x,,,
920,"Date:  Wed, 01 Jan 2020 06:35:51 GMT6 months ago",Game #2700795, 12.48x,,,
921,"Date:  Wed, 01 Jan 2020 06:36:36 GMT6 months ago",Game #2700796, 4.77x,,,
922,"Date:  Wed, 01 Jan 2020 06:37:06 GMT6 months ago",Game #2700797, 7.78x,,,
923,"Date:  Wed, 01 Jan 2020 06:37:44 GMT6 months ago",Game #2700798, 7.37x,,,
924,"Date:  Wed, 01 Jan 2020 06:38:21 GMT6 months ago",Game #2700799, 1.15x,,,
925,"Date:  Wed, 01 Jan 2020 06:38:32 GMT6 months ago",Game #2700800, 6.46x,,,
926,"Date:  Wed, 01 Jan 2020 06:39:07 GMT6 months ago",Game #2700801, 1.37x,,,
927,"Date:  Wed, 01 Jan 2020 06:39:20 GMT6 months ago",Game #2700802, 1.5x,,,
928,"Date:  Wed, 01 Jan 2020 06:39:34 GMT6 months ago",Game #2700803, 1.77x,,,
929,"Date:  Wed, 01 Jan 2020 06:39:50 GMT6 months ago",Game #2700804, 1.12x,,,
930,"Date:  Wed, 01 Jan 2020 06:40:00 GMT6 months ago",Game #2700805, 1.31x,,,
931,"Date:  Wed, 01 Jan 2020 06:40:12 GMT6 months ago",Game #2700806, 1.51x,,,
932,"Date:  Wed, 01 Jan 2020 06:40:27 GMT6 months ago",Game #2700807, 6.75x,,,
933,NAN,NAN,NAN,,,
934,"Date:  Wed, 01 Jan 2020 06:41:14 GMT6 months ago",Game #2700809, 1x,,,
935,"Date:  Wed, 01 Jan 2020 06:41:23 GMT6 months ago",Game #2700810, 1.01x,,,
936,"Date:  Wed, 01 Jan 2020 06:41:31 GMT6 months ago",Game #2700811, 1.08x,,,
937,"Date:  Wed, 01 Jan 2020 06:41:40 GMT6 months ago",Game #2700812, 2.9x,,,
938,"Date:  Wed, 01 Jan 2020 06:42:04 GMT6 months ago",Game #2700813, 1.91x,,,
939,"Date:  Wed, 01 Jan 2020 06:42:22 GMT6 months ago",Game #2700814, 1.05x,,,
940,"Date:  Wed, 01 Jan 2020 06:42:31 GMT6 months ago",Game #2700815, 1.33x,,,
941,"Date:  Wed, 01 Jan 2020 06:42:43 GMT6 months ago",Game #2700816, 2.5x,,,
942,NAN,NAN,NAN,,,
943,"Date:  Wed, 01 Jan 2020 06:43:14 GMT6 months ago",Game #2700818, 1.9x,,,
944,"Date:  Wed, 01 Jan 2020 06:43:32 GMT6 months ago",Game #2700819, 2.42x,,,
945,"Date:  Wed, 01 Jan 2020 06:43:53 GMT6 months ago",Game #2700820, 3.34x,,,
946,"Date:  Wed, 01 Jan 2020 06:44:19 GMT6 months ago",Game #2700821, 1.79x,,,
947,"Date:  Wed, 01 Jan 2020 06:44:35 GMT6 months ago",Game #2700822, 1.9x,,,
948,"Date:  Wed, 01 Jan 2020 06:44:53 GMT6 months ago",Game #2700823, 1.53x,,,
949,"Date:  Wed, 01 Jan 2020 06:45:07 GMT6 months ago",Game #2700824, 229.08x,,,
950,"Date:  Wed, 01 Jan 2020 06:46:34 GMT6 months ago",Game #2700825, 1.24x,,,
951,"Date:  Wed, 01 Jan 2020 06:46:45 GMT6 months ago",Game #2700826, 1.22x,,,
952,"Date:  Wed, 01 Jan 2020 06:46:56 GMT6 months ago",Game #2700827, 2.81x,,,
953,"Date:  Wed, 01 Jan 2020 06:47:19 GMT6 months ago",Game #2700828, 1.21x,,,
954,"Date:  Wed, 01 Jan 2020 06:47:30 GMT6 months ago",Game #2700829, 1.1x,,,
955,"Date:  Wed, 01 Jan 2020 06:47:40 GMT6 months ago",Game #2700830, 4.1x,,,
956,"Date:  Wed, 01 Jan 2020 06:48:09 GMT6 months ago",Game #2700831, 1.1x,,,
957,"Date:  Wed, 01 Jan 2020 06:48:18 GMT6 months ago",Game #2700832, 1.08x,,,
958,"Date:  Wed, 01 Jan 2020 06:48:28 GMT6 months ago",Game #2700833, 1.22x,,,
959,"Date:  Wed, 01 Jan 2020 06:48:39 GMT6 months ago",Game #2700834, 2.59x,,,
960,"Date:  Wed, 01 Jan 2020 06:49:01 GMT6 months ago",Game #2700835, 1.03x,,,
961,"Date:  Wed, 01 Jan 2020 06:49:10 GMT6 months ago",Game #2700836, 1.38x,,,
962,"Date:  Wed, 01 Jan 2020 06:49:23 GMT6 months ago",Game #2700837, 6.4x,,,
963,"Date:  Wed, 01 Jan 2020 06:49:58 GMT6 months ago",Game #2700838, 2.15x,,,
964,NAN,NAN,NAN,,,
965,NAN,NAN,NAN,,,
966,"Date:  Wed, 01 Jan 2020 06:50:43 GMT6 months ago",Game #2700841, 23.49x,,,
967,"Date:  Wed, 01 Jan 2020 06:51:36 GMT6 months ago",Game #2700842, 48.68x,,,
968,"Date:  Wed, 01 Jan 2020 06:52:41 GMT6 months ago",Game #2700843, 1.45x,,,
969,"Date:  Wed, 01 Jan 2020 06:52:54 GMT6 months ago",Game #2700844, 4.13x,,,
970,"Date:  Wed, 01 Jan 2020 06:53:23 GMT6 months ago",Game #2700845, 1.18x,,,
971,"Date:  Wed, 01 Jan 2020 06:53:34 GMT6 months ago",Game #2700846, 1.28x,,,
972,"Date:  Wed, 01 Jan 2020 06:53:46 GMT6 months ago",Game #2700847, 7.44x,,,
973,"Date:  Wed, 01 Jan 2020 06:54:23 GMT6 months ago",Game #2700848, 3.02x,,,
974,"Date:  Wed, 01 Jan 2020 06:54:47 GMT6 months ago",Game #2700849, 2.13x,,,
975,"Date:  Wed, 01 Jan 2020 06:55:06 GMT6 months ago",Game #2700850, 1.79x,,,
976,"Date:  Wed, 01 Jan 2020 06:55:23 GMT6 months ago",Game #2700851, 1.32x,,,
977,"Date:  Wed, 01 Jan 2020 06:55:35 GMT6 months ago",Game #2700852, 2.46x,,,
978,"Date:  Wed, 01 Jan 2020 06:55:56 GMT6 months ago",Game #2700853, 1.09x,,,
979,"Date:  Wed, 01 Jan 2020 06:56:06 GMT6 months ago",Game #2700854, 1.15x,,,
980,"Date:  Wed, 01 Jan 2020 06:56:16 GMT6 months ago",Game #2700855, 13.46x,,,
981,"Date:  Wed, 01 Jan 2020 06:57:02 GMT6 months ago",Game #2700856, 2.08x,,,
982,"Date:  Wed, 01 Jan 2020 06:57:20 GMT6 months ago",Game #2700857, 1.67x,,,
983,"Date:  Wed, 01 Jan 2020 06:57:36 GMT6 months ago",Game #2700858, 1x,,,
984,"Date:  Wed, 01 Jan 2020 06:57:44 GMT6 months ago",Game #2700859, 1.24x,,,
985,"Date:  Wed, 01 Jan 2020 06:57:56 GMT6 months ago",Game #2700860, 1.72x,,,
986,"Date:  Wed, 01 Jan 2020 06:58:12 GMT6 months ago",Game #2700861, 1.5x,,,
987,"Date:  Wed, 01 Jan 2020 06:58:26 GMT6 months ago",Game #2700862, 2.96x,,,
988,"Date:  Wed, 01 Jan 2020 06:58:50 GMT6 months ago",Game #2700863, 11.71x,,,
989,"Date:  Wed, 01 Jan 2020 06:59:34 GMT6 months ago",Game #2700864, 10.37x,,,
990,"Date:  Wed, 01 Jan 2020 07:00:16 GMT6 months ago",Game #2700865, 1.63x,,,
991,"Date:  Wed, 01 Jan 2020 07:00:31 GMT6 months ago",Game #2700866, 27.54x,,,
992,"Date:  Wed, 01 Jan 2020 07:01:27 GMT6 months ago",Game #2700867, 1.04x,,,
993,NAN,NAN,NAN,,,
994,"Date:  Wed, 01 Jan 2020 07:02:00 GMT6 months ago",Game #2700869, 2.19x,,,
995,"Date:  Wed, 01 Jan 2020 07:02:20 GMT6 months ago",Game #2700870, 1.7x,,,
996,"Date:  Wed, 01 Jan 2020 07:02:36 GMT6 months ago",Game #2700871, 4.31x,,,
997,"Date:  Wed, 01 Jan 2020 07:03:05 GMT6 months ago",Game #2700872, 1.33x,,,
998,"Date:  Wed, 01 Jan 2020 07:03:17 GMT6 months ago",Game #2700873, 1.82x,,,
999,"Date:  Wed, 01 Jan 2020 07:03:34 GMT6 months ago",Game #2700874, 1.32x,,,
1000,"Date:  Wed, 01 Jan 2020 07:03:47 GMT6 months ago",Game #2700875, 2.01x,,,
